Timestamp,Ch1,Ch2,Ch3,Ch4,Ch5,Ch6
1770930255.2198691,0.3458915054798126,-0.37103646993637085,-0.07807938754558563,0.0008594682440161705,0.0035049784928560257,-0.00292412843555212
1770930255.237205,0.3337739109992981,-0.377382755279541,-0.07542935758829117,0.000597625330556184,0.0036149194929748774,-0.0028674565255641937
1770930255.2596776,0.34019479155540466,-0.3758145868778229,-0.06494598090648651,0.0009395059896633029,0.0035056748893111944,-0.0028203960973769426
1770930255.2656767,0.34300175309181213,-0.3674355149269104,-0.05620170757174492,0.0010489124106243253,0.0033589894883334637,-0.0029129693284630775
1770930255.2930186,0.338498055934906,-0.37776681780815125,-0.07336892187595367,0.0007893508882261813,0.003609644016250968,-0.002907305723056197
1770930255.3070352,0.34067174792289734,-0.3711254894733429,-0.053593218326568604,0.0009336273651570082,0.003721018321812153,-0.0029016730841249228
1770930255.324575,0.33941546082496643,-0.375112384557724,-0.07142334431409836,0.0006966078653931618,0.0036200769245624542,-0.0027043139562010765
1770930255.3486729,0.34143614768981934,-0.3714960217475891,-0.06176037713885307,0.0008013607002794743,0.0035438183695077896,-0.0029072347097098827
1770930255.3667738,0.33802714943885803,-0.36712250113487244,-0.08336598426103592,0.0008782144286669791,0.003594369627535343,-0.0028587018605321646
1770930255.389011,0.3309856951236725,-0.3806179165840149,-0.07803114503622055,0.0007526520057581365,0.003561595221981406,-0.0028103378135710955
1770930255.4007592,0.34275850653648376,-0.38031142950057983,-0.07332102209329605,0.0007998005603440106,0.003633856540545821,-0.00278869504109025
1770930255.4194784,0.3382711708545685,-0.37431785464286804,-0.07672138512134552,0.0008052789489738643,0.0035551688633859158,-0.0030465438030660152
1770930255.4499028,0.3392500877380371,-0.37155818939208984,-0.08122655749320984,0.0007076943875290453,0.003458561608567834,-0.002875467762351036
1770930255.467566,0.3408319354057312,-0.3688952326774597,-0.0702129602432251,0.0011655658017843962,0.0036331277806311846,-0.002901622327044606
1770930255.4907842,0.3433592915534973,-0.379184365272522,-0.07725924998521805,0.0007545899716205895,0.00337955541908741,-0.0028322329744696617
1770930255.525629,0.34314432740211487,-0.3778417706489563,-0.07373545318841934,0.000765672535635531,0.0032474878244102,-0.00290670245885849
1770930255.5316598,0.3425604999065399,-0.37790337204933167,-0.08511730283498764,0.0007200805703178048,0.003345582401379943,-0.002838693093508482
1770930255.5504947,0.34296536445617676,-0.3679712414741516,-0.07276437431573868,0.0009182022185996175,0.0034295066725462675,-0.002916065277531743
1770930255.5685854,0.3436596095561981,-0.369870126247406,-0.08040842413902283,0.0006284756236709654,0.0033602050971239805,-0.0027771922759711742
1770930255.573968,0.3354364335536957,-0.3726470172405243,-0.07936941832304001,0.0008743384969420731,0.003595793154090643,-0.0031068238895386457
1770930255.5984442,0.3372659683227539,-0.3761886656284332,-0.07965321838855743,0.0006554602296091616,0.0036851088516414165,-0.002990720560774207
1770930255.6271682,0.3377673625946045,-0.37692317366600037,-0.07896480709314346,0.0003479356237221509,0.0036679354961961508,-0.0030673579312860966
1770930255.645252,0.34004485607147217,-0.37223970890045166,-0.07414992898702621,0.0009540009195916355,0.0037546816747635603,-0.0029465314000844955
1770930255.6686068,0.34525659680366516,-0.37683188915252686,-0.07368563115596771,0.0008467372390441597,0.0036986779887229204,-0.0029920844826847315
1770930255.6917255,0.33908510208129883,-0.37514638900756836,-0.06950994580984116,0.0006758665549568832,0.0036152044776827097,-0.0029280383605509996
1770930255.7151492,0.33044901490211487,-0.38046795129776,-0.06823184341192245,0.0006272068130783737,0.0035406413953751326,-0.0026232360396534204
1770930255.7448735,0.344334214925766,-0.371343731880188,-0.06596080213785172,0.0008591869845986366,0.0035249844659119844,-0.003010442713275552
1770930255.7576227,0.33608540892601013,-0.371778279542923,-0.07736727595329285,0.0007701566210016608,0.0034739412367343903,-0.0026319960597902536
1770930255.7696106,0.34390464425086975,-0.3655607998371124,-0.07127655297517776,0.0008373755845241249,0.0037847680505365133,-0.0030490183271467686
1770930255.7817223,0.34328076243400574,-0.37416571378707886,-0.07386328279972076,0.0006622857763431966,0.0036300127394497395,-0.002908614929765463
1770930255.8053038,0.32791897654533386,-0.3788956105709076,-0.06924564391374588,0.0006817183457314968,0.0037130299024283886,-0.0028609565924853086
1770930255.8282363,0.34377291798591614,-0.3655087649822235,-0.06508393585681915,0.0009911457309499383,0.003691005287691951,-0.00310880015604198
1770930255.8518846,0.3467933237552643,-0.37324053049087524,-0.07191755622625351,0.0010660872794687748,0.0034444325137883425,-0.002813308732584119
1770930255.8703966,0.33435872197151184,-0.3662082254886627,-0.09176546335220337,0.0008813301101326942,0.0032512396574020386,-0.0029701220337301493
1770930255.8887358,0.34253284335136414,-0.37216588854789734,-0.06913213431835175,0.0007508244598284364,0.003290176624432206,-0.002883779350668192
1770930255.9114544,0.33286425471305847,-0.37717053294181824,-0.07505284249782562,0.000658039643894881,0.003657623892650008,-0.0027553809341043234
1770930255.9314256,0.3478673994541168,-0.37470120191574097,-0.07211768627166748,0.000823494978249073,0.0035093529149889946,-0.002758697373792529
1770930255.9380834,0.3436061143875122,-0.3745518922805786,-0.07861646264791489,0.0008984620799310505,0.003540300065651536,-0.0028324455488473177
1770930255.95026,0.3369039297103882,-0.36734017729759216,-0.07896354794502258,0.0009361276170238853,0.0034196595661342144,-0.0027551702223718166
1770930255.9669032,0.34413227438926697,-0.3730790317058563,-0.06447972357273102,0.0007814388955011964,0.0036738973576575518,-0.0030506558250635862
1770930255.9908967,0.34243226051330566,-0.3691955804824829,-0.07871811091899872,0.0009560546604916453,0.003714184742420912,-0.002916611498221755
1770930256.0026565,0.34291213750839233,-0.375948429107666,-0.06891592592000961,0.0008600252913311124,0.0036626290529966354,-0.0030831636395305395
1770930256.0150378,0.3428724706172943,-0.37410247325897217,-0.06857787817716599,0.0006948469090275466,0.0036240355111658573,-0.0029246883932501078
1770930256.03203,0.33598658442497253,-0.3752083480358124,-0.06880078464746475,0.0008790653664618731,0.0034515648148953915,-0.0027690608985722065
1770930256.0505893,0.33436042070388794,-0.37670671939849854,-0.08079942315816879,0.0006242894451133907,0.003693439532071352,-0.0027720800135284662
1770930256.0686188,0.33635708689689636,-0.37136921286582947,-0.08061345666646957,0.0005863388068974018,0.0036488159094005823,-0.003267108928412199
1770930256.084867,0.34430086612701416,-0.3705378472805023,-0.08036325126886368,0.0007682027644477785,0.003360401839017868,-0.003146747825667262
1770930256.107321,0.3475058078765869,-0.3658946454524994,-0.07966351509094238,0.0008596046245656908,0.003263763850554824,-0.002799826441332698
1770930256.1301043,0.3432951271533966,-0.37893640995025635,-0.06939884275197983,0.0006670705624856055,0.0035519038792699575,-0.0029732452239841223
1770930256.1365225,0.34862443804740906,-0.3717060089111328,-0.07622922211885452,0.0009129244135692716,0.0034038934390991926,-0.0030589222442358732
1770930256.147595,0.3285723924636841,-0.3736284077167511,-0.08080217987298965,0.0008038538508117199,0.003468679264187813,-0.0027495359536260366
1770930256.1705205,0.35003796219825745,-0.37730878591537476,-0.07455654442310333,0.0008314755978062749,0.003757396014407277,-0.0030379800591617823
1770930256.1827168,0.33995744585990906,-0.3727475702762604,-0.0803079679608345,0.0007684319862164557,0.0034897346049547195,-0.0029974880162626505
1770930256.208989,0.34344854950904846,-0.3784419894218445,-0.07282520830631256,0.0007510086870752275,0.0036208995152264833,-0.002940078265964985
1770930256.2390847,0.3334982097148895,-0.3669588565826416,-0.06915351748466492,0.0007332921377383173,0.0033587825018912554,-0.002539290115237236
1770930256.257452,0.33109718561172485,-0.3726268410682678,-0.07496676594018936,0.0008459363016299903,0.0033235540613532066,-0.002732221968472004
1770930256.2979221,0.34264516830444336,-0.3738260865211487,-0.07601473480463028,0.000881703570485115,0.003578566014766693,-0.002770882099866867
1770930256.3038945,0.3300322890281677,-0.3703811466693878,-0.07215996831655502,0.0008137043914757669,0.0037508616223931313,-0.0029962710104882717
1770930256.3158617,0.34299397468566895,-0.3749253451824188,-0.06389503926038742,0.0009139704634435475,0.0034653961192816496,-0.0028756288811564445
1770930256.3221037,0.3436376452445984,-0.3736816346645355,-0.06928851455450058,0.000791253347415477,0.0034953434951603413,-0.003062446368858218
1770930256.3386664,0.34471526741981506,-0.3707576096057892,-0.06542779505252838,0.000828891119454056,0.00356642110273242,-0.0027315421029925346
1770930256.3555892,0.3461235761642456,-0.37817567586898804,-0.05942028760910034,0.0008586885523982346,0.0036688020918518305,-0.002993925241753459
1770930256.3671908,0.33302560448646545,-0.37490811944007874,-0.074276402592659,0.0008816143381409347,0.003707705996930599,-0.0029269300866872072
1770930256.3907487,0.3393498957157135,-0.3717925548553467,-0.06431105732917786,0.000883142405655235,0.003469013376161456,-0.002934620948508382
1770930256.4134612,0.34304678440093994,-0.3721979856491089,-0.08291663974523544,0.0009074195404537022,0.0033398184459656477,-0.002815922489389777
1770930256.4362507,0.34266698360443115,-0.3671262264251709,-0.06398225575685501,0.0009055655100382864,0.00338723324239254,-0.0031300396658480167
1770930256.465371,0.3443497121334076,-0.3744998872280121,-0.07764344662427902,0.0009302275720983744,0.0037480101455003023,-0.0030532595701515675
1770930256.501473,0.32870838046073914,-0.37416261434555054,-0.08810032159090042,0.000781521201133728,0.0035642506554722786,-0.002727147890254855
1770930256.5377402,0.3364740312099457,-0.37782394886016846,-0.08168834447860718,0.0007893764413893223,0.003447353607043624,-0.002818311331793666
1770930256.5437238,0.3413229286670685,-0.36824122071266174,-0.07662550359964371,0.0010360071901232004,0.0036177532747387886,-0.0029696798883378506
1770930256.590628,0.3456590473651886,-0.36664724349975586,-0.0752977505326271,0.0008795869071036577,0.003435228718444705,-0.0030402226839214563
1770930256.6025677,0.3463095426559448,-0.36878836154937744,-0.06723320484161377,0.000753263826481998,0.0034603867679834366,-0.0029301373288035393
1770930256.608551,0.337597519159317,-0.371557354927063,-0.06735548377037048,0.0007938499911688268,0.0034735144581645727,-0.0028747553005814552
1770930256.6384711,0.3434571325778961,-0.3786989450454712,-0.0728020966053009,0.0006379360565915704,0.003389037447050214,-0.002702613128349185
1770930256.668483,0.34421756863594055,-0.3667603135108948,-0.06794245541095734,0.000898346770554781,0.0034935050643980503,-0.002889289055019617
1770930256.7117388,0.3362259864807129,-0.37727785110473633,-0.0702238529920578,0.0008258001762442291,0.0035847178660333157,-0.0029416310135275126
1770930256.7351844,0.32796213030815125,-0.38218575716018677,-0.07757535576820374,0.000575661426410079,0.0034100431948900223,-0.0027751298621296883
1770930256.7411344,0.3396539092063904,-0.37377673387527466,-0.07039401680231094,0.0008285079966299236,0.0036185760982334614,-0.003091923426836729
1770930256.7531028,0.33816060423851013,-0.3741290271282196,-0.06770189106464386,0.0005711910780519247,0.0034246444702148438,-0.00288004451431334
1770930256.7706213,0.33963167667388916,-0.37206965684890747,-0.0778314471244812,0.0009949287632480264,0.0035368807148188353,-0.0030638440512120724
1770930256.7888353,0.3370310664176941,-0.3803459405899048,-0.078196220099926,0.0006194353336468339,0.0039369044825434685,-0.0027172164991497993
1770930256.8073213,0.34330815076828003,-0.3762342035770416,-0.07620228081941605,0.0007700294372625649,0.0036267631221562624,-0.003097336273640394
1770930256.813321,0.3358278274536133,-0.37032803893089294,-0.0752776637673378,0.0008923147106543183,0.0036090065259486437,-0.0029412084259092808
1770930256.8362713,0.33533957600593567,-0.376823365688324,-0.07089843600988388,0.0007743330206722021,0.0034166481345891953,-0.002764096250757575
1770930256.8481996,0.3359949588775635,-0.36977115273475647,-0.07807052880525589,0.0007306062616407871,0.003545351093634963,-0.002669450594112277
1770930256.859255,0.34419554471969604,-0.375415563583374,-0.07535474002361298,0.0008398381760343909,0.0033687432296574116,-0.0028775103855878115
1770930256.8774183,0.3392046391963959,-0.3758814036846161,-0.08099368959665298,0.0008401538361795247,0.0036052728537470102,-0.0030442411080002785
1770930256.8990648,0.34479472041130066,-0.37449774146080017,-0.06882314383983612,0.000729164166841656,0.0034970296546816826,-0.0027947521302849054
1770930256.9221747,0.34900206327438354,-0.3732299506664276,-0.06690825521945953,0.0009150808909907937,0.0033888572361320257,-0.0031165077816694975
1770930256.9388244,0.34382638335227966,-0.3727759122848511,-0.07417026162147522,0.0008229141822084785,0.0034868496004492044,-0.0029005303513258696
1770930256.9638076,0.334685742855072,-0.3785038888454437,-0.0835874080657959,0.0006986171356402338,0.0034006009809672832,-0.0026940135285258293
1770930257.0006151,0.34663358330726624,-0.37340494990348816,-0.06641843169927597,0.0006344018620438874,0.0033315157052129507,-0.002950345166027546
1770930257.0357609,0.3476537764072418,-0.37687668204307556,-0.08022881299257278,0.0006971752154640853,0.0033571545500308275,-0.002964335260912776
1770930257.0593908,0.3387839198112488,-0.3708474636077881,-0.06532459706068039,0.0011183243477717042,0.0035789550747722387,-0.0030521561857312918
1770930257.0653892,0.34608954191207886,-0.3699287176132202,-0.07491940259933472,0.0008470290340483189,0.003482686122879386,-0.002911538816988468
1770930257.1087265,0.3391982316970825,-0.37885552644729614,-0.08204507827758789,0.0005895463400520384,0.003536079078912735,-0.0026953977067023516
1770930257.1147258,0.3493272066116333,-0.36970794200897217,-0.067742720246315,0.0007713069790042937,0.0035115417558699846,-0.0031117734033614397
1770930257.1567388,0.3379118740558624,-0.37830063700675964,-0.07723745703697205,0.0008290302357636392,0.00325171765871346,-0.0027303022798150778
1770930257.1737947,0.336838960647583,-0.36456266045570374,-0.07842904329299927,0.0009027739870361984,0.003639557398855686,-0.003003479214385152
1770930257.190849,0.3356449007987976,-0.36657196283340454,-0.0780915766954422,0.0009567791712470353,0.0035581954289227724,-0.0027474991511553526
1770930257.2255814,0.34262171387672424,-0.3696151077747345,-0.08091308176517487,0.0008220570744015276,0.003419805085286498,-0.002806186443194747
1770930257.2421396,0.3347596526145935,-0.37872007489204407,-0.06775569915771484,0.000621879764366895,0.0034103463403880596,-0.0027646496891975403
1770930257.24814,0.3357890248298645,-0.37118780612945557,-0.07840422540903091,0.0007966002449393272,0.003524200990796089,-0.0027870272751897573
1770930257.2611976,0.356806218624115,-0.37119433283805847,-0.07499868422746658,0.0007833675481379032,0.003234950127080083,-0.002831978490576148
1770930257.2733517,0.33625656366348267,-0.37655213475227356,-0.07916773110628128,0.0008252906263805926,0.003399405861273408,-0.002779017435386777
1770930257.320609,0.3408125638961792,-0.3720686435699463,-0.08412238210439682,0.0008440737146884203,0.0036290159914642572,-0.002966898260638118
1770930257.326624,0.35308191180229187,-0.38183531165122986,-0.06413669884204865,0.0008203940815292299,0.003480074694380164,-0.0029755879659205675
1770930257.3328261,0.339341402053833,-0.37306079268455505,-0.07908051460981369,0.0008068059687502682,0.0035457564517855644,-0.0029992235358804464
1770930257.342977,0.3320717215538025,-0.36690855026245117,-0.06917931884527206,0.0008119074045680463,0.003591279499232769,-0.002709166146814823
1770930257.3608103,0.3419002890586853,-0.37540799379348755,-0.06270644813776016,0.0008348561241291463,0.0033848776947706938,-0.002664515282958746
1770930257.3861387,0.3442682921886444,-0.37274181842803955,-0.07836587727069855,0.0008877062355168164,0.0034811338409781456,-0.0029821351636201143
1770930257.4212997,0.3363787829875946,-0.3677234947681427,-0.07215312868356705,0.0010258903494104743,0.0034621311351656914,-0.002792631508782506
1770930257.427304,0.3406548798084259,-0.37473201751708984,-0.06879034638404846,0.0008081194828264415,0.0032872247975319624,-0.0030351905152201653
1770930257.456725,0.34019437432289124,-0.3768109977245331,-0.07197897881269455,0.0007869472028687596,0.0033582653850317,-0.0028686304576694965
1770930257.4921618,0.34168535470962524,-0.363668292760849,-0.0700010359287262,0.0008609743672423065,0.0034349781926721334,-0.002892560325562954
1770930257.5095897,0.34401801228523254,-0.37503451108932495,-0.0797809585928917,0.0008963613654486835,0.0031951081473380327,-0.0028695405926555395
1770930257.5155704,0.3415251076221466,-0.3778127431869507,-0.08171357959508896,0.0005916745285503566,0.0034341595601290464,-0.0029103877022862434
1770930257.5506546,0.34282249212265015,-0.37117141485214233,-0.07655294984579086,0.00086938840104267,0.0033193514682352543,-0.0028202561661601067
1770930257.574173,0.33548396825790405,-0.3786301612854004,-0.07418996840715408,0.0007422817870974541,0.0034088739193975925,-0.002754775807261467
1770930257.5801723,0.3490324020385742,-0.3732430636882782,-0.0652436688542366,0.0006681052036583424,0.003440696280449629,-0.002941591665148735
1770930257.6003103,0.3441940248012543,-0.3778771460056305,-0.06974028795957565,0.0007140301167964935,0.0034869841765612364,-0.0028559823986142874
1770930257.6304324,0.34489497542381287,-0.3783828318119049,-0.064865842461586,0.0004071124130859971,0.003435395425185561,-0.0031573388259857893
1770930257.6594045,0.3451060950756073,-0.36740419268608093,-0.06627794355154037,0.001017293892800808,0.0035001870710402727,-0.002981949131935835
1770930257.6898227,0.34188205003738403,-0.38105180859565735,-0.08301443606615067,0.0007507517002522945,0.003350313752889633,-0.0030428317841142416
1770930257.7200024,0.3423762023448944,-0.3762565851211548,-0.06649740785360336,0.0007776239654049277,0.003225194290280342,-0.0030031593050807714
1770930257.726015,0.3476376235485077,-0.3750007152557373,-0.06678026914596558,0.0010361602762714028,0.0034365507308393717,-0.003047533333301544
1770930257.7379847,0.34357959032058716,-0.37196850776672363,-0.08590248227119446,0.0006561529007740319,0.003455568104982376,-0.0031041332986205816
1770930257.7613094,0.3426360487937927,-0.3705279529094696,-0.06652083247900009,0.0008572926744818687,0.0036471530329436064,-0.0029085909482091665
1770930257.772487,0.33818086981773376,-0.3671732544898987,-0.07828053832054138,0.0007524137618020177,0.0033736955374479294,-0.0029941503889858723
1770930257.7992992,0.34401124715805054,-0.37757572531700134,-0.07165221869945526,0.0007672463543713093,0.0033496017567813396,-0.0030921613797545433
1770930257.8108652,0.3344547152519226,-0.3674091696739197,-0.07203414291143417,0.0009260755032300949,0.0035340143367648125,-0.0027460213750600815
1770930257.8245053,0.33758091926574707,-0.3718772530555725,-0.06894922256469727,0.0008831807062961161,0.0036880853585898876,-0.003063540207222104
1770930257.8422852,0.3471345007419586,-0.3724416196346283,-0.0702318474650383,0.0007140213274396956,0.003689240198582411,-0.0031349905766546726
1770930257.8482852,0.34975871443748474,-0.371521532535553,-0.07452154159545898,0.0008047748706303537,0.0035927395801991224,-0.002999283606186509
1770930257.8781505,0.3473763167858124,-0.3679017722606659,-0.07593826204538345,0.0009362352429889143,0.003504031803458929,-0.0027610543183982372
1770930257.8899224,0.34808149933815,-0.3633233308792114,-0.07015595585107803,0.0010928099509328604,0.0035911169834434986,-0.0030528237111866474
1770930257.9014301,0.3441709876060486,-0.37346795201301575,-0.07809385657310486,0.001056014676578343,0.00345039670355618,-0.002955766161903739
1770930257.9280622,0.33779627084732056,-0.3708499073982239,-0.0730692446231842,0.0008407309651374817,0.0035771895200014114,-0.002712696325033903
1770930257.9523432,0.3534758388996124,-0.38023847341537476,-0.08662242442369461,0.00059747404884547,0.0035852957516908646,-0.00314478506334126
1770930257.9594386,0.33845552802085876,-0.37640464305877686,-0.07569428533315659,0.0008149133063852787,0.003709385171532631,-0.0031898608431220055
1770930257.965101,0.32719409465789795,-0.3725443184375763,-0.07053796201944351,0.0009025331237353384,0.003489526454359293,-0.0027706304099410772
1770930257.9841354,0.34174904227256775,-0.37270402908325195,-0.06403221935033798,0.0007040876080282032,0.0037662447430193424,-0.0032462850213050842
1770930258.0075517,0.34420013427734375,-0.3760409653186798,-0.06415589153766632,0.0010814631823450327,0.0037410249933600426,-0.0027345260605216026
1770930258.0260518,0.34808123111724854,-0.3736594617366791,-0.07386075705289841,0.000541049346793443,0.0033809442538768053,-0.0029254453256726265
1770930258.043926,0.34609144926071167,-0.3773261606693268,-0.0801159217953682,0.0007705046446062624,0.0031593150924891233,-0.003008080879226327
1770930258.055487,0.341062992811203,-0.37247419357299805,-0.07108642905950546,0.0011357269249856472,0.0035471294540911913,-0.002913425210863352
1770930258.0675418,0.33672070503234863,-0.36984729766845703,-0.08146792650222778,0.0008598509011790156,0.003519362071529031,-0.0029535728972405195
1770930258.0792842,0.3494660258293152,-0.3768171966075897,-0.06679753959178925,0.0007061604992486537,0.0033250567503273487,-0.0030697365291416645
1770930258.090199,0.3458729088306427,-0.37312203645706177,-0.08543234318494797,0.0009370032348670065,0.0033898446708917618,-0.0028376977425068617
1770930258.109264,0.34278640151023865,-0.3716088533401489,-0.08634711802005768,0.0009144234354607761,0.0037501719780266285,-0.0028842140454798937
1770930258.121391,0.3451812267303467,-0.37517115473747253,-0.07235579192638397,0.0009351856424473226,0.0035084558185189962,-0.0029520047828555107
1770930258.1554406,0.33697929978370667,-0.3765212595462799,-0.06509418040513992,0.0007911571301519871,0.0033225812949240208,-0.002981131197884679
1770930258.161424,0.3430689573287964,-0.36869657039642334,-0.07538961619138718,0.000689677894115448,0.0036131718661636114,-0.0029700493905693293
1770930258.1795123,0.34066954255104065,-0.37652158737182617,-0.07040080428123474,0.0007787992362864316,0.003352541709318757,-0.0027506020851433277
1770930258.2034,0.33802106976509094,-0.37233766913414,-0.07199174165725708,0.0009010846260935068,0.0033713029697537422,-0.0026700105518102646
1770930258.2094305,0.34934353828430176,-0.3713114261627197,-0.07049043476581573,0.0009118465823121369,0.0034862381871789694,-0.002848559059202671
1770930258.2323115,0.3459385633468628,-0.37813615798950195,-0.07044382393360138,0.0007194413337856531,0.0033115227706730366,-0.0028059370815753937
1770930258.2436173,0.34025242924690247,-0.37432098388671875,-0.07152765244245529,0.0006801476702094078,0.0035274692345410585,-0.0031206596177071333
1770930258.2678168,0.33215540647506714,-0.37085863947868347,-0.07403509318828583,0.001028196420520544,0.0034895152784883976,-0.0027591518592089415
1770930258.2908297,0.3358376622200012,-0.37625327706336975,-0.08462920784950256,0.0007265005260705948,0.003643436823040247,-0.002980718854814768
1770930258.3024526,0.3424595594406128,-0.37415120005607605,-0.06769952178001404,0.0006938486476428807,0.0036724295932799578,-0.003298311261460185
1770930258.3225024,0.3339371681213379,-0.3766239285469055,-0.07739558070898056,0.0007422607741318643,0.003449152922257781,-0.0029012092854827642
1770930258.3285022,0.33545613288879395,-0.36770281195640564,-0.06642257422208786,0.0007131435559131205,0.0033478362020105124,-0.0027626522351056337
1770930258.3392043,0.3399048447608948,-0.37406161427497864,-0.061571184545755386,0.0007616780349053442,0.003731868462637067,-0.002829355886206031
1770930258.3629553,0.3343234956264496,-0.3677561581134796,-0.08534707874059677,0.0009100692113861442,0.0035938394721597433,-0.0029098407831043005
1770930258.3815093,0.3454419672489166,-0.3736822307109833,-0.07551545649766922,0.0009527986403554678,0.003486208850517869,-0.0028787716291844845
1770930258.399464,0.35130295157432556,-0.36307358741760254,-0.06167006492614746,0.0009576742886565626,0.0034211897291243076,-0.002989755477756262
1770930258.4170477,0.34727782011032104,-0.3728680908679962,-0.07428327202796936,0.0009484289912506938,0.0036277342587709427,-0.0029815572779625654
1770930258.4239862,0.3493269085884094,-0.3723759055137634,-0.07556318491697311,0.0007553258910775185,0.003567384323105216,-0.002962194150313735
1770930258.4469333,0.3350653648376465,-0.3692268431186676,-0.06587304919958115,0.0009817017707973719,0.0035433997400105,-0.0028799332212656736
1770930258.4644842,0.33321675658226013,-0.3740210235118866,-0.076453797519207,0.0007010499248281121,0.003267189022153616,-0.002779968548566103
1770930258.4776843,0.3335936665534973,-0.36769357323646545,-0.07266495376825333,0.0008411412127315998,0.003440836677327752,-0.0027869483456015587
1770930258.5019534,0.34534937143325806,-0.3715810775756836,-0.07575670629739761,0.0008223364129662514,0.00346203800290823,-0.0031462658662348986
1770930258.5137627,0.3364342451095581,-0.368476927280426,-0.06840267032384872,0.0008617666317149997,0.00345226121135056,-0.0026163167785853148
1770930258.5196362,0.34487491846084595,-0.37112972140312195,-0.08256768435239792,0.0009697609348222613,0.0034689472522586584,-0.0027295583859086037
1770930258.5447297,0.33535557985305786,-0.37328779697418213,-0.05693662539124489,0.0009820630075410008,0.003648988902568817,-0.002853694139048457
1770930258.5696476,0.3547214865684509,-0.37146177887916565,-0.06856715679168701,0.0009869398782029748,0.0035541928373277187,-0.003017010632902384
1770930258.581745,0.32879820466041565,-0.3612643778324127,-0.06493625789880753,0.0008819411159493029,0.0034329285845160484,-0.002635628916323185
1770930258.5996192,0.3414708375930786,-0.36535540223121643,-0.06345079839229584,0.00103313650470227,0.003345727687701583,-0.0029750203248113394
1770930258.640526,0.3379983901977539,-0.373953253030777,-0.07137010246515274,0.0009228300186805427,0.003483700565993786,-0.0028780235443264246
1770930258.6572587,0.3473854064941406,-0.3769444525241852,-0.07590814679861069,0.0007541757076978683,0.0032255277037620544,-0.0029717592988163233
1770930258.6687613,0.3471285104751587,-0.37130051851272583,-0.07779718935489655,0.0007319838041439652,0.0032990563195198774,-0.003029431216418743
1770930258.698827,0.33459368348121643,-0.37534984946250916,-0.06995590776205063,0.0007671869243495166,0.003861407283693552,-0.002943995175883174
1770930258.710795,0.35048070549964905,-0.3692229986190796,-0.08009692281484604,0.001014833222143352,0.0036772352177649736,-0.002900799736380577
1770930258.716779,0.3309517502784729,-0.374543696641922,-0.07396694272756577,0.0008859438239596784,0.0033865738660097122,-0.0027317905332893133
1770930258.7645733,0.3475889265537262,-0.36938077211380005,-0.06946861743927002,0.0009169859113171697,0.003514902899041772,-0.0029773751739412546
1770930258.7980173,0.33430272340774536,-0.37469473481178284,-0.08469565957784653,0.0006905917543917894,0.0033424149733036757,-0.002755971159785986
1770930258.8039303,0.3331286311149597,-0.37337544560432434,-0.0702422484755516,0.0007707873010076582,0.0035417103208601475,-0.0026703421026468277
1770930258.821781,0.34138715267181396,-0.3743748664855957,-0.06506934016942978,0.0006801087292842567,0.0037612400483340025,-0.003074478358030319
1770930258.844759,0.342274934053421,-0.37648600339889526,-0.08013725280761719,0.0008713248535059392,0.0036995704285800457,-0.0027047002222388983
1770930258.8507686,0.34884002804756165,-0.3726326823234558,-0.07910147309303284,0.0009295296622440219,0.00364357209764421,-0.0032353990245610476
1770930258.8801441,0.33057737350463867,-0.3682342767715454,-0.0761413499712944,0.001008485211059451,0.0034415582194924355,-0.002740468131378293
1770930258.8861732,0.350464791059494,-0.3725690543651581,-0.06415668874979019,0.0007523655076511204,0.0036326043773442507,-0.0029777123127132654
1770930258.9155886,0.33237358927726746,-0.3726713955402374,-0.07392694056034088,0.0008110778871923685,0.003544311970472336,-0.0028217313811182976
1770930258.9390426,0.3488124907016754,-0.36857470870018005,-0.07203676551580429,0.0010278756963089108,0.0035902501549571753,-0.0030578956939280033
1770930258.9614923,0.34019359946250916,-0.3745163083076477,-0.07839207351207733,0.0009525760542601347,0.0033844648860394955,-0.003034648485481739
1770930258.9940069,0.33375412225723267,-0.36654749512672424,-0.06753784418106079,0.0009039696888066828,0.003523736959323287,-0.002850579796358943
1770930259.0234644,0.3382275402545929,-0.37842172384262085,-0.07025518268346786,0.0006671692244708538,0.0035653389059007168,-0.0028960686177015305
1770930259.0586586,0.34222710132598877,-0.3733777105808258,-0.08180642873048782,0.0008921233820728958,0.0036427013110369444,-0.0028272445779293776
1770930259.0646584,0.3401491940021515,-0.3791966140270233,-0.06401348859071732,0.0007336497656069696,0.003429825883358717,-0.0029395411256700754
1770930259.1008136,0.33896005153656006,-0.3755684494972229,-0.06824884563684464,0.0007182502886280417,0.003619779832661152,-0.0029299496673047543
1770930259.1066303,0.33911648392677307,-0.37898334860801697,-0.07048288732767105,0.000794909312389791,0.003536681178957224,-0.0030082357116043568
1770930259.1123998,0.3446396291255951,-0.3745220899581909,-0.06770894676446915,0.0008339398773387074,0.003601646516472101,-0.003018308663740754
1770930259.1407888,0.3444931209087372,-0.37329450249671936,-0.0835905522108078,0.0008083179709501565,0.0033083788584917784,-0.002709918422624469
1770930259.1588144,0.34887635707855225,-0.3724536597728729,-0.07241295278072357,0.0008885077550075948,0.0033549631480127573,-0.0031046238727867603
1770930259.1698303,0.355066180229187,-0.3697417378425598,-0.07280424982309341,0.0009373517241328955,0.003382058348506689,-0.0029883072711527348
1770930259.2236962,0.34261420369148254,-0.37579789757728577,-0.06755812466144562,0.0009124080534093082,0.003440617583692074,-0.0029050535522401333
1770930259.2352438,0.34369581937789917,-0.3698347806930542,-0.07786612957715988,0.0007829065434634686,0.0035756228026002645,-0.0029819849878549576
1770930259.2633214,0.34636059403419495,-0.37897974252700806,-0.07464618980884552,0.0005924670840613544,0.0033157668076455593,-0.0027341898530721664
1770930259.2698872,0.34322452545166016,-0.37554842233657837,-0.061810605227947235,0.0007406242657452822,0.003650753991678357,-0.0029794485308229923
1770930259.3045743,0.336774080991745,-0.3787088990211487,-0.06929584592580795,0.0007349954103119671,0.003385805059224367,-0.002984161488711834
1770930259.3105743,0.34020301699638367,-0.37707415223121643,-0.06421157717704773,0.0007572320755571127,0.003493053140118718,-0.0025544785894453526
1770930259.3457956,0.34709981083869934,-0.374661922454834,-0.08025512099266052,0.0006884057074785233,0.003509289352223277,-0.0028426721692085266
1770930259.37485,0.3434632420539856,-0.3788134753704071,-0.07350971549749374,0.000548503187019378,0.0034772236831486225,-0.002918186131864786
1770930259.3926697,0.33993008732795715,-0.37216657400131226,-0.07539697736501694,0.0008372337906621397,0.0035517741926014423,-0.0028988374397158623
1770930259.4038165,0.3344477415084839,-0.3776523172855377,-0.06997774541378021,0.0006177016184665263,0.003563908627256751,-0.0031723324209451675
1770930259.4161892,0.3410334885120392,-0.3740803599357605,-0.06511534005403519,0.0006195764872245491,0.003578759729862213,-0.0029636728577315807
1770930259.440984,0.3400232195854187,-0.3709934651851654,-0.061531439423561096,0.0009755810024216771,0.003122037509456277,-0.0029803875368088484
1770930259.4598374,0.3453581631183624,-0.37564972043037415,-0.07475873827934265,0.0007791153038851917,0.0036720898933708668,-0.0032243405003100634
1770930259.4658644,0.3548111915588379,-0.37017765641212463,-0.07568300515413284,0.0007490709540434182,0.0036766640841960907,-0.0031840128358453512
1770930259.4786625,0.3396497666835785,-0.36840179562568665,-0.0836317166686058,0.0007890728884376585,0.0033070282079279423,-0.0028304168954491615
1770930259.4846761,0.3526841998100281,-0.3730074167251587,-0.06968581676483154,0.0008815936162136495,0.003567347303032875,-0.0031192111782729626
1770930259.5075393,0.3333240747451782,-0.37559524178504944,-0.07521463930606842,0.0007179550011642277,0.0033103490713983774,-0.0029313021805137396
1770930259.5301518,0.3342589735984802,-0.3737703263759613,-0.07558615505695343,0.0009010814246721566,0.0036426254082471132,-0.002731541870161891
1770930259.5362198,0.34056589007377625,-0.37718066573143005,-0.0641741156578064,0.0005714319995604455,0.0036379192024469376,-0.003010580549016595
1770930259.5694478,0.33944791555404663,-0.3783605992794037,-0.0851370096206665,0.000912464049179107,0.0035675063263624907,-0.0030307152774184942
1770930259.5754762,0.3413372337818146,-0.37698623538017273,-0.06710850447416306,0.0006484166369773448,0.00361177371814847,-0.0028774335514754057
1770930259.6049395,0.3399544656276703,-0.37063565850257874,-0.09005044400691986,0.0006715982453897595,0.003433413803577423,-0.002802287694066763
1770930259.6167686,0.34446850419044495,-0.36789602041244507,-0.07192730158567429,0.0009029645589180291,0.0035974455531686544,-0.0031450141686946154
1770930259.6296496,0.34139660000801086,-0.37110379338264465,-0.09200794994831085,0.0008209837833419442,0.0035685289185494184,-0.002736655529588461
1770930259.6419556,0.3382999002933502,-0.3649621605873108,-0.07211801409721375,0.0008260120521299541,0.0033270264975726604,-0.0027843057177960873
1770930259.672085,0.35218650102615356,-0.37541308999061584,-0.06603982299566269,0.0009822204010561109,0.0034313069190829992,-0.0029985446017235518
1770930259.6905797,0.3454122543334961,-0.3731768727302551,-0.06907670199871063,0.00091260188492015,0.0035033461172133684,-0.0030057199764996767
1770930259.7025833,0.331859827041626,-0.37345269322395325,-0.05957622826099396,0.0007552860188297927,0.003645439399406314,-0.002854984486475587
1770930259.7150512,0.3334437906742096,-0.3707423210144043,-0.07742395997047424,0.000579503714106977,0.003688287688419223,-0.0029692184180021286
1770930259.7506616,0.3390006721019745,-0.37081414461135864,-0.07573024183511734,0.0008469021413475275,0.00361091666854918,-0.0028076909948140383
1770930259.7740946,0.34324583411216736,-0.3736262321472168,-0.07273808121681213,0.0009708994766697288,0.003363281488418579,-0.002692340174689889
1770930259.7916074,0.3371773660182953,-0.3683724105358124,-0.0802864208817482,0.0006997853051871061,0.003516329452395439,-0.0027774812187999487
1770930259.815544,0.3382704257965088,-0.37458404898643494,-0.08100384473800659,0.0007476574974134564,0.003337905742228031,-0.0029474135953933
1770930259.8270292,0.34151163697242737,-0.3696269690990448,-0.07084015756845474,0.0009786549489945173,0.0034854025579988956,-0.0027991472743451595
1770930259.8410492,0.3408445715904236,-0.3802592158317566,-0.0704788863658905,0.0006455770926550031,0.003470182651653886,-0.003019563388079405
1770930259.864639,0.3373385965824127,-0.37251532077789307,-0.06794354319572449,0.000731248059310019,0.003703191876411438,-0.0030459309928119183
1770930259.870576,0.34345507621765137,-0.36920008063316345,-0.07502345740795135,0.000802564958576113,0.0031805671751499176,-0.0028599833603948355
1770930259.8887093,0.3469611704349518,-0.37259799242019653,-0.07602205872535706,0.0009070198284462094,0.0034793876111507416,-0.002841368317604065
1770930259.9073558,0.3446992337703705,-0.37761738896369934,-0.07210105657577515,0.0007773559191264212,0.003454984398558736,-0.0028932420536875725
1770930259.9194136,0.3426951467990875,-0.3726766109466553,-0.08202142268419266,0.0007922295480966568,0.00361523381434381,-0.002905251458287239
1770930259.9314518,0.34030619263648987,-0.37731626629829407,-0.07149350643157959,0.0007438079919666052,0.0032633142545819283,-0.0026976268272846937
1770930259.9444911,0.3394400179386139,-0.36964818835258484,-0.08199203759431839,0.0008844317053444684,0.0034340727142989635,-0.0027817741502076387
1770930259.949589,0.3421178162097931,-0.36986589431762695,-0.06956473737955093,0.000775508931837976,0.0034143386874347925,-0.0030204588547348976
1770930259.9740477,0.34281834959983826,-0.37072330713272095,-0.07316399365663528,0.0008486381848342717,0.003467634553089738,-0.0031013856641948223
1770930259.9800475,0.3405766487121582,-0.36982250213623047,-0.07968883216381073,0.0007824369822628796,0.0033011510968208313,-0.0028363862074911594
1770930259.9866304,0.33819645643234253,-0.37654605507850647,-0.0730401873588562,0.0009715315536595881,0.0034662610851228237,-0.0027882219292223454
1770930260.0099845,0.3335014879703522,-0.3733902871608734,-0.06803625077009201,0.0008618123247288167,0.0036518857814371586,-0.002928604604676366
1770930260.0216012,0.3398318290710449,-0.37634143233299255,-0.07995160669088364,0.0008875558851286769,0.003503688843920827,-0.0028937398456037045
1770930260.033568,0.33346623182296753,-0.37380412220954895,-0.07125873118638992,0.0008317505707964301,0.00381266325712204,-0.002915052231401205
1770930260.0498853,0.33393898606300354,-0.3739583492279053,-0.07382556796073914,0.0009536935831420124,0.0036159672308713198,-0.002884332090616226
1770930260.0722263,0.33706334233283997,-0.37621161341667175,-0.06780586391687393,0.0007981995586305857,0.0034411607775837183,-0.0027615323197096586
1770930260.078226,0.3364151120185852,-0.3792276084423065,-0.08530011773109436,0.0005214613629505038,0.003666982287541032,-0.0030179577879607677
1770930260.0947278,0.33905842900276184,-0.37460702657699585,-0.06555432081222534,0.0009107199148274958,0.0035294212866574526,-0.002855359809473157
1770930260.1054494,0.34741389751434326,-0.3734804391860962,-0.07329347729682922,0.000941741222050041,0.0035860701464116573,-0.0029179290868341923
1770930260.1285493,0.3400697708129883,-0.3805397152900696,-0.07136905938386917,0.0006721141398884356,0.003533205483108759,-0.00321826059371233
1770930260.1406486,0.3376149833202362,-0.372427374124527,-0.07189610600471497,0.0007470949785783887,0.003744732588529587,-0.002987175015732646
1770930260.1576486,0.33770525455474854,-0.3813375234603882,-0.0810340866446495,0.000651735404971987,0.0033848313614726067,-0.0028914720751345158
1770930260.1803422,0.3377825617790222,-0.3785627782344818,-0.07564549893140793,0.0010296986438333988,0.0037078175228089094,-0.002802489558234811
1770930260.1927576,0.33725276589393616,-0.3794262409210205,-0.07999743521213531,0.000637293269392103,0.003376149572432041,-0.0027843951247632504
1770930260.1987743,0.33837443590164185,-0.36912402510643005,-0.06718696653842926,0.0008269633981399238,0.003551645902916789,-0.003004537895321846
1770930260.2228374,0.33697524666786194,-0.37737640738487244,-0.08561166375875473,0.0007680330891162157,0.003564518177881837,-0.0029706284403800964
1770930260.2400558,0.3409944772720337,-0.376575767993927,-0.0697433203458786,0.0009348369785584509,0.00374235468916595,-0.002956014359369874
1770930260.2775831,0.3469593822956085,-0.3757344186306,-0.07484786957502365,0.0009349310421384871,0.003580553689971566,-0.0031075477600097656
1770930260.2890306,0.34193873405456543,-0.37520742416381836,-0.0698266550898552,0.0008152294903993607,0.003930956590920687,-0.0032217418774962425
1770930260.3196566,0.3374495804309845,-0.3679885268211365,-0.08059222996234894,0.0009727741708047688,0.0035149320028722286,-0.0030934333335608244
1770930260.331807,0.34053224325180054,-0.37301701307296753,-0.07020838558673859,0.0008743153302930295,0.003336502006277442,-0.002852601232007146
1770930260.3678534,0.3482109308242798,-0.37141135334968567,-0.0823579803109169,0.0007655304507352412,0.003471293253824115,-0.0031756649259477854
1770930260.3863337,0.3435727655887604,-0.37436068058013916,-0.0759454295039177,0.0008220354211516678,0.0034425847698003054,-0.003058971604332328
1770930260.4035075,0.3341692388057709,-0.37696748971939087,-0.06882680207490921,0.0007857079617679119,0.0034123645164072514,-0.0029282765462994576
1770930260.415083,0.3350353538990021,-0.3707508146762848,-0.06433789432048798,0.0009315189090557396,0.0036173800472170115,-0.0028740712441504
1770930260.450934,0.3428204357624054,-0.3727949857711792,-0.07923649251461029,0.0007094379980117083,0.0034177827183157206,-0.0030068831983953714
1770930260.480888,0.33328017592430115,-0.3656480610370636,-0.07190128415822983,0.0008859409135766327,0.003799178171902895,-0.0033636672887951136
1770930260.4937227,0.34795254468917847,-0.36720433831214905,-0.06462361663579941,0.0010532368905842304,0.003383024362847209,-0.0029851533472537994
1770930260.4997616,0.3348900377750397,-0.3781953454017639,-0.07558108866214752,0.0007259322446770966,0.0033983252942562103,-0.002867287490516901
1770930260.5410352,0.34084969758987427,-0.372519314289093,-0.06641267985105515,0.0008839054498821497,0.003534966381266713,-0.003097297390922904
1770930260.5592566,0.34618261456489563,-0.3725927472114563,-0.06911227107048035,0.0008222678443416953,0.00357264606282115,-0.0032088139560073614
1770930260.5901299,0.341247022151947,-0.3761763274669647,-0.07347504049539566,0.000700588570907712,0.003612165106460452,-0.0030110501684248447
1770930260.6195095,0.3466596305370331,-0.3745093047618866,-0.0724065899848938,0.0008130005444400012,0.0034331127535551786,-0.0030257918406277895
1770930260.6506617,0.3373822271823883,-0.37486782670021057,-0.07750846445560455,0.0007105970289558172,0.0036304043605923653,-0.0030828325543552637
1770930260.6568055,0.3313382565975189,-0.3717140853404999,-0.07363317161798477,0.0008358958875760436,0.0035378721076995134,-0.0026828714180737734
1770930260.6913054,0.3485555648803711,-0.37065067887306213,-0.07844176888465881,0.0008004503906704485,0.003419341519474983,-0.003093137638643384
1770930260.7094154,0.3419339954853058,-0.37111303210258484,-0.0744284987449646,0.0009922860190272331,0.0033584872726351023,-0.0027402443811297417
1770930260.7213829,0.33587169647216797,-0.3794536888599396,-0.06779766827821732,0.0005591673543676734,0.0035228445194661617,-0.0030195792205631733
1770930260.7511413,0.34370672702789307,-0.376088947057724,-0.0733790472149849,0.0007470239652320743,0.003319385927170515,-0.0030632922425866127
1770930260.7741053,0.3350914716720581,-0.3813309669494629,-0.07042840123176575,0.0005671367980539799,0.00348076899535954,-0.0031389505602419376
1770930260.7912865,0.33189988136291504,-0.3749981224536896,-0.0783563181757927,0.000909726251848042,0.0035919088404625654,-0.0029135635122656822
1770930260.8153963,0.33733615279197693,-0.36647745966911316,-0.08735091239213943,0.000885325949639082,0.003605058416724205,-0.002695854054763913
1770930260.8332212,0.34234198927879333,-0.36942631006240845,-0.07575719803571701,0.0008455003262497485,0.0033103707246482372,-0.00278866826556623
1770930260.8677316,0.3367435336112976,-0.371997594833374,-0.07688242197036743,0.0008343271911144257,0.0037154746241867542,-0.0029309263918548822
1770930260.8786328,0.3436652719974518,-0.3910788297653198,-0.07474476099014282,0.0005540305282920599,0.003596649272367358,-0.0030963311437517405
1770930260.9185994,0.3403112590312958,-0.37666913866996765,-0.08560732752084732,0.0007747245253995061,0.003531396621838212,-0.0027134788688272238
1770930260.9427161,0.33837711811065674,-0.3654654026031494,-0.06999748200178146,0.0009497952414676547,0.003449938725680113,-0.0027869970072060823
1770930260.971261,0.33911845088005066,-0.3719342350959778,-0.07737994194030762,0.0006523691117763519,0.0035662567242980003,-0.0029766906518489122
1770930260.9888458,0.3354070484638214,-0.37283387780189514,-0.07275284826755524,0.0008758617332205176,0.003447663737460971,-0.002832119120284915
1770930261.000491,0.34383919835090637,-0.37190142273902893,-0.08386904746294022,0.0006309087621048093,0.003409615019336343,-0.002974676201120019
1770930261.0243046,0.3414839506149292,-0.3711742162704468,-0.06494276225566864,0.0009818397229537368,0.0035054737236350775,-0.0030101011507213116
1770930261.0408845,0.3357296288013458,-0.37042516469955444,-0.0793503150343895,0.000704105943441391,0.0035219427663832903,-0.002839146414771676
1770930261.083274,0.33599627017974854,-0.3715059161186218,-0.07456266134977341,0.0007940257783047855,0.0033655513543635607,-0.002776853507384658
1770930261.1065745,0.3419267237186432,-0.3705195188522339,-0.08431535959243774,0.0008179965079762042,0.0036585216876119375,-0.003054427681490779
1770930261.130779,0.33586549758911133,-0.37666746973991394,-0.07014443725347519,0.0006904903566464782,0.003612280124798417,-0.0028694598004221916
1770930261.1437287,0.3413022756576538,-0.3695753514766693,-0.07990024983882904,0.0008738476317375898,0.0034379707649350166,-0.0031371156219393015
1770930261.1615973,0.3362036347389221,-0.3772466778755188,-0.06783170253038406,0.0008176797418855131,0.0032892460003495216,-0.0028658148366957903
1770930261.1733263,0.3408607840538025,-0.37757858633995056,-0.07021468132734299,0.0006896777777001262,0.003332411404699087,-0.003019035328179598
1770930261.2008202,0.3383714258670807,-0.3754630386829376,-0.07781383395195007,0.00089503318304196,0.003752277232706547,-0.0029533375054597855
1770930261.2439682,0.33775025606155396,-0.3691534399986267,-0.06819424778223038,0.0007004175567999482,0.0033504001330584288,-0.002801468363031745
1770930261.2686281,0.3362249732017517,-0.36808979511260986,-0.06853573769330978,0.0009322342230007052,0.0036112896632403135,-0.0027588466182351112
1770930261.2867324,0.3306330144405365,-0.3693498373031616,-0.08065811544656754,0.0010190763277933002,0.0036300444044172764,-0.0030936584807932377
1770930261.3095715,0.3334094285964966,-0.37874388694763184,-0.07623561471700668,0.0007438045577146113,0.0034727074671536684,-0.0030224628280848265
1770930261.3213413,0.3419390320777893,-0.370491087436676,-0.06560817360877991,0.0008244682685472071,0.003559041302651167,-0.0027382210828363895
1770930261.339618,0.3392251133918762,-0.3737775385379791,-0.06140395626425743,0.0006336485967040062,0.0034847490023821592,-0.0028020571917295456
1770930261.3696008,0.34529346227645874,-0.3736162483692169,-0.0772106721997261,0.0008964022854343057,0.0035611577332019806,-0.002915844786912203
1770930261.3760645,0.3467905521392822,-0.3777775168418884,-0.08420409262180328,0.0006424887687899172,0.0032755150459706783,-0.0028863742481917143
1770930261.392788,0.34031912684440613,-0.37276795506477356,-0.07475364953279495,0.0006671585142612457,0.0035204123705625534,-0.0029434971511363983
1770930261.4038885,0.33602938055992126,-0.3791716694831848,-0.07085646688938141,0.0006966606597416103,0.0034974494483321905,-0.0029262742027640343
1770930261.4101698,0.34152236580848694,-0.3704562485218048,-0.06696172803640366,0.0009002522565424442,0.003613703651353717,-0.0029244504403322935
1770930261.4387534,0.34003981947898865,-0.37333783507347107,-0.07568429410457611,0.0007748659700155258,0.0033941722940653563,-0.002730760257691145
1770930261.4567463,0.3505774736404419,-0.3563039004802704,-0.08968954533338547,0.0010215864749625325,0.0033959324937313795,-0.0030633178539574146
1770930261.4673183,0.34661948680877686,-0.37174150347709656,-0.06847459822893143,0.0007640147814527154,0.003657256718724966,-0.0028614273760467768
1770930261.4844046,0.3435728847980499,-0.3786659240722656,-0.06952079385519028,0.0007940430659800768,0.003202059306204319,-0.0028335091192275286
1770930261.5072684,0.34496286511421204,-0.36986738443374634,-0.07825195044279099,0.0007848777459003031,0.003423377638682723,-0.0030747035052627325
1770930261.5261862,0.33895760774612427,-0.38019251823425293,-0.07440134882926941,0.0007830302929505706,0.003318068338558078,-0.002564061665907502
1770930261.562223,0.34237444400787354,-0.3723212778568268,-0.07774389535188675,0.0010933121666312218,0.003587007988244295,-0.002844050293788314
1770930261.6100729,0.34451737999916077,-0.3678519129753113,-0.06669608503580093,0.0007308374624699354,0.003352701896801591,-0.0030807338189333677
1770930261.6224413,0.3502587676048279,-0.36533305048942566,-0.07357911765575409,0.0010588581208139658,0.0031847853679209948,-0.0028509311378002167
1770930261.6397376,0.3427456021308899,-0.37554341554641724,-0.07164948433637619,0.000932731491047889,0.0035498240031301975,-0.0027786579448729753
1770930261.6554117,0.3403247892856598,-0.3755066394805908,-0.08256760984659195,0.000793424725998193,0.003631466766819358,-0.003150708507746458
1770930261.6735055,0.33750441670417786,-0.3742763102054596,-0.07499322295188904,0.0008767654071561992,0.003518883138895035,-0.002617798512801528
1770930261.6785948,0.3328234553337097,-0.37032169103622437,-0.08512359112501144,0.0011066801380366087,0.003545613493770361,-0.0026921038515865803
1770930261.684689,0.34397000074386597,-0.36844566464424133,-0.07515503466129303,0.0008567122858949006,0.0035398625768721104,-0.003187708556652069
1770930261.6902478,0.3333713710308075,-0.3735683262348175,-0.08124604821205139,0.0007946224650368094,0.003525292966514826,-0.0029861489310860634
1770930261.7134955,0.3376920819282532,-0.375011146068573,-0.07055243849754333,0.0009041032753884792,0.0034184884279966354,-0.002620982937514782
1770930261.7244828,0.35494351387023926,-0.37360337376594543,-0.07593937963247299,0.0007632200722582638,0.0034696413204073906,-0.00321816373616457
1770930261.7304726,0.33844122290611267,-0.37137341499328613,-0.06482366472482681,0.0008237060974352062,0.0035633256193250418,-0.003101989859715104
1770930261.7421253,0.3456268012523651,-0.3741160035133362,-0.06611800193786621,0.0009038902353495359,0.003682978916913271,-0.0028868657536804676
1770930261.7587748,0.3351559340953827,-0.37387531995773315,-0.06999245285987854,0.0007782450411468744,0.0037440848536789417,-0.0030947397463023663
1770930261.7647603,0.33700940012931824,-0.37944740056991577,-0.06884460896253586,0.0007894587470218539,0.0033206003718078136,-0.0027306443080306053
1770930261.7827108,0.3490305542945862,-0.37436720728874207,-0.07454371452331543,0.0007368973456323147,0.0036482661962509155,-0.002982149599120021
1770930261.7887018,0.3517581522464752,-0.3685765266418457,-0.06432024389505386,0.0009119596215896308,0.0036606579087674618,-0.0032048425637185574
1770930261.8174965,0.3389297425746918,-0.3766309916973114,-0.07355432212352753,0.0006531564868055284,0.0034389414358884096,-0.00282651511952281
1770930261.8291738,0.3500826060771942,-0.373439222574234,-0.07385865598917007,0.0008388843853026628,0.003579820040613413,-0.0028427904471755028
1770930261.8491294,0.3318488895893097,-0.3676803708076477,-0.0833306759595871,0.0006851858925074339,0.0031976543832570314,-0.0027663693763315678
1770930261.8670516,0.33823809027671814,-0.3768407106399536,-0.08215093612670898,0.0006818153196945786,0.0035652953665703535,-0.002849118784070015
1770930261.8924737,0.3472585380077362,-0.37368178367614746,-0.08383224159479141,0.0003625257813837379,0.003603612305596471,-0.003159040119498968
1770930261.9148626,0.3510039448738098,-0.37982693314552307,-0.07210726290941238,0.0008780210046097636,0.0038068254943937063,-0.003185278968885541
1770930261.920187,0.3281964957714081,-0.37251389026641846,-0.05743037536740303,0.0007116004126146436,0.0032723471522331238,-0.003057291964069009
1770930261.938847,0.33123108744621277,-0.36559030413627625,-0.07955126464366913,0.0010625338181853294,0.0034302514977753162,-0.0027388378512114286
1770930261.9574049,0.33928418159484863,-0.3786255419254303,-0.07976701855659485,0.0008250187966041267,0.003526509739458561,-0.0029688463546335697
1770930261.9689991,0.33896663784980774,-0.3728240132331848,-0.0638410821557045,0.0010327617637813091,0.0034268484450876713,-0.0028816943522542715
1770930261.9797761,0.33571016788482666,-0.37045878171920776,-0.080384761095047,0.000775749038439244,0.003152592573314905,-0.002987954067066312
1770930261.9909747,0.34531164169311523,-0.37152665853500366,-0.08601827919483185,0.000855351856444031,0.0038633064832538366,-0.0029526897706091404
1770930261.9969628,0.33709925413131714,-0.37245839834213257,-0.06948299705982208,0.0007033626898191869,0.0035524179693311453,-0.0029235761612653732
1770930262.0029147,0.347316175699234,-0.37975627183914185,-0.06623712182044983,0.000740594114176929,0.0037994806189090014,-0.003116610925644636
1770930262.0262346,0.3327723443508148,-0.37380388379096985,-0.08419552445411682,0.0008426213171333075,0.003378518857061863,-0.002597485901787877
1770930262.032235,0.33749115467071533,-0.3695874810218811,-0.07095171511173248,0.0007798633305355906,0.003363901050761342,-0.0028032376430928707
1770930262.0512242,0.3530324399471283,-0.37987443804740906,-0.08002529293298721,0.0008934359066188335,0.0036722831428050995,-0.003193523036316037
1770930262.0862982,0.35059237480163574,-0.3694627285003662,-0.07417500019073486,0.0008802475058473647,0.003721572458744049,-0.002855702769011259
1770930262.0927634,0.34824126958847046,-0.36982083320617676,-0.06777408719062805,0.0010258377296850085,0.0034700531978160143,-0.0028942686039954424
1770930262.0985167,0.3376307487487793,-0.36992591619491577,-0.06557638943195343,0.0005991053185425699,0.003784135915338993,-0.0032795139122754335
1770930262.1095276,0.3422330319881439,-0.37071794271469116,-0.08542618155479431,0.0010314368410035968,0.00348028470762074,-0.0028799145948141813
1770930262.1278832,0.34710219502449036,-0.37699878215789795,-0.07283446192741394,0.0009706252603791654,0.003394899656996131,-0.0030132965184748173
1770930262.1501594,0.3477303385734558,-0.37452268600463867,-0.07466993480920792,0.000707142346072942,0.0033923876471817493,-0.003135107224807143
1770930262.1739652,0.3420070707798004,-0.3776695728302002,-0.06423965096473694,0.0008699546451680362,0.0032895132899284363,-0.002794878324493766
1770930262.1911407,0.33930978178977966,-0.372251957654953,-0.08007495105266571,0.0009259438375011086,0.0035728125367313623,-0.0028240547981113195
1770930262.1971636,0.33872270584106445,-0.3781682848930359,-0.09226544946432114,0.0005757680628448725,0.0033897284884005785,-0.003067013341933489
1770930262.2151053,0.3395932912826538,-0.3765603005886078,-0.06291002035140991,0.0009204583475366235,0.003922299016267061,-0.0028891691472381353
1770930262.2270732,0.3458334505558014,-0.373327374458313,-0.06503114849328995,0.0008723674109205604,0.0036755830515176058,-0.0029799160547554493
1770930262.2330573,0.3379833698272705,-0.3764265179634094,-0.07808567583560944,0.0008517133537679911,0.003430543001741171,-0.0027711964212358
1770930262.2559168,0.34465283155441284,-0.37433212995529175,-0.06744259595870972,0.0008337016333825886,0.0036296083126217127,-0.003142495173960924
1770930262.2852745,0.3464089035987854,-0.37395069003105164,-0.07137593626976013,0.0008801886579021811,0.003492125775665045,-0.003165796399116516
1770930262.2969902,0.34694501757621765,-0.3803490996360779,-0.0823899507522583,0.0008339059422723949,0.0034949546679854393,-0.002921460662037134
1770930262.3164115,0.3414978086948395,-0.37095868587493896,-0.08243778347969055,0.0008274707361124456,0.0036610907409340143,-0.0029116321820765734
1770930262.3164115,0.340061753988266,-0.3730333149433136,-0.08833517134189606,0.0007401414914056659,0.0035188545007258654,-0.0030745291151106358
1770930262.3337693,0.3499847948551178,-0.371062695980072,-0.07135330885648727,0.0006866011535748839,0.003146090544760227,-0.002965352265164256
1770930262.3337693,0.3456551730632782,-0.37659499049186707,-0.08101310580968857,0.0007220588740892708,0.0031797613482922316,-0.0030343870166689157
1770930262.3464317,0.3456551730632782,-0.37659499049186707,-0.08101310580968857,0.0007220588740892708,0.0031797613482922316,-0.0030343870166689157
1770930262.3579352,0.34382814168930054,-0.3689788281917572,-0.07131064683198929,0.000984090263955295,0.0036729821003973484,-0.0027590033132582903
1770930262.373709,0.3379204273223877,-0.3725656569004059,-0.08367566019296646,0.0008180781151168048,0.0034703609999269247,-0.002923436462879181
1770930262.3969758,0.33389586210250854,-0.3764563500881195,-0.07108823210000992,0.0007928817067295313,0.0033509840723127127,-0.0027399410028010607
1770930262.4147944,0.3429633677005768,-0.3704732060432434,-0.07225598394870758,0.000891346950083971,0.003412383608520031,-0.0030854716897010803
1770930262.4322345,0.3409106433391571,-0.37007755041122437,-0.07826399058103561,0.0009441447909921408,0.0033252111170440912,-0.002924395725131035
1770930262.4631972,0.33787253499031067,-0.37606826424598694,-0.06904348731040955,0.0006425238098017871,0.0034948205575346947,-0.0028005207423120737
1770930262.4814487,0.3372950851917267,-0.3780254125595093,-0.0865386351943016,0.0007730767247267067,0.003452746197581291,-0.002998520852997899
1770930262.506846,0.3430196940898895,-0.36502546072006226,-0.07318471372127533,0.0010255695087835193,0.0035604650620371103,-0.003036638954654336
1770930262.5385141,0.34090152382850647,-0.374635249376297,-0.068265400826931,0.0008521226118318737,0.003459129249677062,-0.0028742714785039425
1770930262.5685754,0.34468919038772583,-0.3732312321662903,-0.065410315990448,0.0005851523019373417,0.003239081474021077,-0.0029804015066474676
1770930262.5986242,0.33817172050476074,-0.37307727336883545,-0.0739862248301506,0.000768445897847414,0.0034368254709988832,-0.002989632310345769
1770930262.6281333,0.34608104825019836,-0.36715662479400635,-0.08343667536973953,0.0009589369874447584,0.0032465513795614243,-0.002968585817143321
1770930262.645117,0.34286460280418396,-0.36864790320396423,-0.07616546005010605,0.0008075262303464115,0.003683241782709956,-0.003067529294639826
1770930262.6511333,0.3440767824649811,-0.3723795711994171,-0.07083454728126526,0.0008482349803671241,0.003515686374157667,-0.003207639791071415
1770930262.6697838,0.3370639383792877,-0.37469205260276794,-0.06505892425775528,0.0007881225319579244,0.003754162695258856,-0.003082026494666934
1770930262.6837611,0.3444482684135437,-0.3691621422767639,-0.07717251032590866,0.0008350294083356857,0.003327402053400874,-0.002837614854797721
1770930262.7074723,0.3510369658470154,-0.3701699376106262,-0.07896704971790314,0.0009018061100505292,0.003587258281186223,-0.003385090036317706
1770930262.7190804,0.33833950757980347,-0.36851686239242554,-0.07222430408000946,0.000954924151301384,0.003536455100402236,-0.0031356248073279858
1770930262.7312453,0.34732744097709656,-0.37431272864341736,-0.06506091356277466,0.0008846697746776044,0.003510626032948494,-0.0031271122861653566
1770930262.7609444,0.33829039335250854,-0.377242773771286,-0.06392855942249298,0.0005056894151493907,0.003389018587768078,-0.0029911755118519068
1770930262.7835827,0.33357059955596924,-0.37685129046440125,-0.07130151987075806,0.0005897136870771646,0.0032918036449700594,-0.0031058078166097403
1770930262.7955277,0.3379565179347992,-0.37595197558403015,-0.06944773346185684,0.000598007463850081,0.0032763807103037834,-0.003135483246296644
1770930262.818591,0.341452032327652,-0.36829543113708496,-0.06806571036577225,0.0008275203290395439,0.003170531941577792,-0.0031357600819319487
1770930262.8415673,0.32644879817962646,-0.3714887499809265,-0.08770205080509186,0.000855973397847265,0.003620036179199815,-0.0026275001000612974
1770930262.8475387,0.33541589975357056,-0.37340283393859863,-0.0748925656080246,0.0007856567390263081,0.0036097161937505007,-0.0030165936332195997
1770930262.8659995,0.34921422600746155,-0.37191861867904663,-0.0760825052857399,0.0007654913933947682,0.00362460408359766,-0.003212271025404334
1770930262.883009,0.3450482189655304,-0.37454140186309814,-0.06923092901706696,0.0007343810866586864,0.003682100446894765,-0.003099854104220867
1770930262.894755,0.3454076051712036,-0.38173308968544006,-0.07213777303695679,0.0008257824229076505,0.0036742049269378185,-0.003067250130698085
1770930262.9072082,0.33761823177337646,-0.3718675971031189,-0.06348302215337753,0.0007667658501304686,0.0034770150668919086,-0.003072903025895357
1770930262.9132092,0.33781853318214417,-0.3702458143234253,-0.08124477416276932,0.0006696368800476193,0.0033058738335967064,-0.0028787031769752502
1770930262.9362075,0.34350526332855225,-0.3771989047527313,-0.08634211122989655,0.0006332354387268424,0.003770139068365097,-0.0032133893109858036
1770930262.954077,0.3391743302345276,-0.3674892485141754,-0.06645479798316956,0.000977604417130351,0.0035695540718734264,-0.003040575422346592
1770930262.9729466,0.33839863538742065,-0.3686091899871826,-0.06660149991512299,0.0008889746968634427,0.003779076272621751,-0.00302802468650043
1770930262.9849443,0.3459593951702118,-0.3748166561126709,-0.07855327427387238,0.0008099551778286695,0.0035365831572562456,-0.0030245597008615732
1770930263.001802,0.342623233795166,-0.37067756056785583,-0.06206786632537842,0.0009303901460953057,0.0036863128188997507,-0.0032149534672498703
1770930263.001802,0.3499222993850708,-0.367372065782547,-0.08022376149892807,0.000867932743858546,0.0034745680168271065,-0.0031739159021526575
1770930263.0138311,0.3499222993850708,-0.367372065782547,-0.08022376149892807,0.000867932743858546,0.0034745680168271065,-0.0031739159021526575
1770930263.0250378,0.3374307453632355,-0.3702125549316406,-0.08293202519416809,0.0007114748586900532,0.0035654858220368624,-0.002997137140482664
1770930263.0493739,0.3345211446285248,-0.3783644735813141,-0.07036668807268143,0.0005724828224629164,0.003270168323069811,-0.0027256030589342117
1770930263.069664,0.33586248755455017,-0.36430981755256653,-0.06782374531030655,0.0008304712828248739,0.00335892615839839,-0.0029649720527231693
1770930263.0864043,0.3479177951812744,-0.3748273551464081,-0.08447404205799103,0.000633081013802439,0.003481401829048991,-0.0030948410276323557
1770930263.1159594,0.3361211121082306,-0.3773173689842224,-0.06734095513820648,0.000786632823292166,0.0036287610419094563,-0.0029904625844210386
1770930263.1475139,0.3338683545589447,-0.3692047894001007,-0.07465702295303345,0.0009217573679052293,0.003547335509210825,-0.0027206146623939276
1770930263.1608877,0.34245190024375916,-0.3721833825111389,-0.08192101866006851,0.0009416511165909469,0.0036724479869008064,-0.00293163419701159
1770930263.1832352,0.3486838936805725,-0.3703902065753937,-0.06855207681655884,0.0008545254240743816,0.0037838229909539223,-0.002976509742438793
1770930263.2018158,0.337882399559021,-0.37668123841285706,-0.07850629091262817,0.000836463354062289,0.003560558194294572,-0.002771924715489149
1770930263.2139392,0.332174688577652,-0.3696121573448181,-0.06679372489452362,0.0007849493995308876,0.0034892854746431112,-0.0028823823668062687
1770930263.2378836,0.35236117243766785,-0.3728441596031189,-0.07767804712057114,0.001008909777738154,0.003462644526734948,-0.003208721522241831
1770930263.2680051,0.33436119556427,-0.3677508234977722,-0.07470377534627914,0.0008224379271268845,0.003465448273345828,-0.0031100776977837086
1770930263.2797577,0.3409558832645416,-0.3740871846675873,-0.07420682162046432,0.0009427633485756814,0.003716445527970791,-0.00282472837716341
1770930263.3099601,0.33864399790763855,-0.3690955340862274,-0.0670212060213089,0.0010014857398346066,0.0035263749305158854,-0.002844839124009013
1770930263.321206,0.32674717903137207,-0.3722591996192932,-0.07287824898958206,0.0008457816438749433,0.0035237653646618128,-0.0026851496659219265
1770930263.3507452,0.34845733642578125,-0.37825536727905273,-0.0649242177605629,0.0006513500702567399,0.0035459829960018396,-0.0030537385027855635
1770930263.3803635,0.32959115505218506,-0.37364301085472107,-0.07507076859474182,0.0008328062249347568,0.003282231977209449,-0.002729716245085001
1770930263.402978,0.33720970153808594,-0.36360448598861694,-0.07313074916601181,0.0008687496301718056,0.003412012243643403,-0.003074780572205782
1770930263.426424,0.33472052216529846,-0.3728957176208496,-0.07682891935110092,0.0004203523858450353,0.0033856560476124287,-0.0030761081725358963
1770930263.461602,0.3428097665309906,-0.37448301911354065,-0.07346288859844208,0.0007759607397019863,0.0037386633921414614,-0.003092242171987891
1770930263.4907475,0.3464180827140808,-0.37650594115257263,-0.07735772430896759,0.0007847672677598894,0.0037011471576988697,-0.0032121692784130573
1770930263.5196686,0.33700472116470337,-0.37630459666252136,-0.08282562345266342,0.0005750188138335943,0.0033695180900394917,-0.00285264290869236
1770930263.531665,0.3436504006385803,-0.37702852487564087,-0.07289955765008926,0.0008503558929078281,0.003312556305900216,-0.002883384469896555
1770930263.5369403,0.3413791358470917,-0.37354549765586853,-0.06942868232727051,0.0008120943093672395,0.0034381644800305367,-0.002941484097391367
1770930263.5655682,0.3309609889984131,-0.37144359946250916,-0.07879365980625153,0.0007895327871665359,0.003562671598047018,-0.0029177891556173563
1770930263.6006527,0.34130769968032837,-0.3780357837677002,-0.06931927800178528,0.0006211703876033425,0.0035483581013977528,-0.0032745529897511005
1770930263.6241426,0.3473984897136688,-0.37009546160697937,-0.05386222153902054,0.0011494708014652133,0.003586011938750744,-0.0030906458850950003
1770930263.6594014,0.3401021659374237,-0.3793157637119293,-0.0817427858710289,0.0006141592748463154,0.003301167394965887,-0.0029472375754266977
1770930263.6962612,0.3369152843952179,-0.3681388795375824,-0.08415191620588303,0.0009178213658742607,0.0033694657031446695,-0.002896465826779604
1770930263.7321799,0.33178186416625977,-0.38272857666015625,-0.06576471775770187,0.0007739844731986523,0.0033800818491727114,-0.0028036918956786394
1770930263.754664,0.33976906538009644,-0.37703216075897217,-0.08406703919172287,0.0007102856761775911,0.0034957993775606155,-0.003013644367456436
1770930263.7842476,0.33806321024894714,-0.36760228872299194,-0.07058752328157425,0.0010165103012695909,0.0036152310203760862,-0.003066906938329339
1770930263.8133307,0.3426823318004608,-0.36807093024253845,-0.06917158514261246,0.0007961144438013434,0.0033767418935894966,-0.0028336825780570507
1770930263.8428857,0.3339202404022217,-0.37553587555885315,-0.08030784875154495,0.0008984136511571705,0.003489975817501545,-0.0028093301225453615
1770930263.871684,0.34433236718177795,-0.37569087743759155,-0.06828644871711731,0.0008131921640597284,0.0034714038483798504,-0.0027862160932272673
1770930263.9030113,0.3404821455478668,-0.3775506019592285,-0.07748749107122421,0.000746311794500798,0.0034949546679854393,-0.0029457255732268095
1770930263.9346972,0.33900994062423706,-0.3653159737586975,-0.06611422449350357,0.0010083005763590336,0.0033166813664138317,-0.003031474305316806
1770930263.952011,0.34620463848114014,-0.37202078104019165,-0.08440682291984558,0.0009179288754239678,0.003401146037504077,-0.003103742143139243
1770930263.9750617,0.34666070342063904,-0.37614497542381287,-0.08265937119722366,0.0008674924029037356,0.0034840572625398636,-0.0031590319704264402
1770930263.9994519,0.3399527966976166,-0.37234342098236084,-0.0804237648844719,0.0007639537216164172,0.0035117692314088345,-0.002988457912579179
1770930264.00554,0.33462175726890564,-0.3756988048553467,-0.06673428416252136,0.0007013489957898855,0.003447359660640359,-0.0028294422663748264
1770930264.0168474,0.3463020324707031,-0.37462520599365234,-0.0746774673461914,0.000890788622200489,0.0037274498026818037,-0.0029950726311653852
1770930264.055136,0.3363810181617737,-0.37616974115371704,-0.0636528879404068,0.0008303471258841455,0.0034088408574461937,-0.0028592522721737623
1770930264.072681,0.33841684460639954,-0.37476417422294617,-0.07523254305124283,0.0008813501917757094,0.0035203907173126936,-0.0028923361096531153
1770930264.0913897,0.3432488441467285,-0.3684532344341278,-0.07277018576860428,0.0008610938093625009,0.003345295088365674,-0.002741493983194232
1770930264.1095598,0.3377166986465454,-0.37818366289138794,-0.07798228412866592,0.000611193769145757,0.003407357493415475,-0.002985612954944372
1770930264.120756,0.3384004533290863,-0.36782482266426086,-0.07877783477306366,0.000918701640330255,0.0034922072663903236,-0.0029284844640642405
1770930264.137771,0.33412906527519226,-0.37066173553466797,-0.07849138975143433,0.0006157911266200244,0.003274720162153244,-0.002925523789599538
1770930264.1492577,0.3385566174983978,-0.36681774258613586,-0.07562149316072464,0.0008899005479179323,0.0034663830883800983,-0.0032088560983538628
