timestamp,ch1,ch2,ch3,ch4,ch5,ch6
1770932329.323852,0.1852675825357437,-0.48380008339881897,-0.4130874276161194,-0.003470957512035966,0.002697420073673129,-0.008351445198059082
1770932329.3547466,0.19210486114025116,-0.48274073004722595,-0.4265843331813812,-0.00349656050093472,0.0027485915925353765,-0.008498894982039928
1770932329.3607478,0.1847088485956192,-0.48949530720710754,-0.42483851313591003,-0.00358236744068563,0.002686638617888093,-0.008585224859416485
1770932329.3831165,0.19366160035133362,-0.4819188416004181,-0.4279024302959442,-0.0035347065422683954,0.002745056990534067,-0.008450002409517765
1770932329.411746,0.1857437938451767,-0.48270195722579956,-0.4193872809410095,-0.003236635122448206,0.003047168953344226,-0.00831674411892891
1770932329.4297552,0.1833222508430481,-0.4887508451938629,-0.4367063343524933,-0.0031404485926032066,0.003025016048923135,-0.00807801354676485
1770932329.4468958,0.18541152775287628,-0.4921115040779114,-0.4219508171081543,-0.003477551741525531,0.0026138590183109045,-0.008154849521815777
1770932329.4704561,0.19208918511867523,-0.49058258533477783,-0.44093087315559387,-0.003422629786655307,0.002653841394931078,-0.008350832387804985
1770932329.4941251,0.1830034703016281,-0.48208609223365784,-0.41762611269950867,-0.0034885099157691,0.002876235404983163,-0.008321850560605526
1770932329.511177,0.18217509984970093,-0.48174938559532166,-0.4343161880970001,-0.003604225581511855,0.0028451215475797653,-0.008223561570048332
1770932329.5463836,0.18552358448505402,-0.48251983523368835,-0.4258261024951935,-0.0035544349811971188,0.002994897309690714,-0.008376011624932289
1770932329.5583534,0.1888834536075592,-0.4882812798023224,-0.42451736330986023,-0.0035503427498042583,0.0029058284126222134,-0.008164318278431892
1770932329.589154,0.18580511212348938,-0.4874461889266968,-0.4265180230140686,-0.003645277349278331,0.0026209319476038218,-0.008356701582670212
1770932329.6027236,0.18629512190818787,-0.48430895805358887,-0.42196911573410034,-0.0034641928505152464,0.003102991497144103,-0.008272705599665642
1770932329.608751,0.192509725689888,-0.48881086707115173,-0.42754682898521423,-0.003516747849062085,0.0028472081758081913,-0.00851823203265667
1770932329.6204228,0.19030381739139557,-0.4866008460521698,-0.416339635848999,-0.0034052254632115364,0.0028105194214731455,-0.008431612513959408
1770932329.6508293,0.18458884954452515,-0.4905357360839844,-0.4222346246242523,-0.003268355503678322,0.0032793658319860697,-0.008359195664525032
1770932329.6627982,0.18768508732318878,-0.4811585545539856,-0.41499242186546326,-0.0032674637623131275,0.002940525533631444,-0.008298207074403763
1770932329.7056727,0.19514141976833344,-0.48504751920700073,-0.41832080483436584,-0.0035710660740733147,0.0029229987412691116,-0.008509657345712185
1770932329.7179253,0.17940592765808105,-0.48635876178741455,-0.43800827860832214,-0.003419613465666771,0.002661667764186859,-0.008230035193264484
1770932329.7239559,0.17682461440563202,-0.482656866312027,-0.4270632266998291,-0.0035538834054023027,0.002816048450767994,-0.008184339851140976
1770932329.7617743,0.17476437985897064,-0.47560110688209534,-0.4174509644508362,-0.003469074610620737,0.002779521746560931,-0.007957841269671917
1770932329.7803917,0.1831016093492508,-0.48210790753364563,-0.43550169467926025,-0.0036194580607116222,0.002742542652413249,-0.008410319685935974
1770932329.8020625,0.18949702382087708,-0.48186030983924866,-0.4211326837539673,-0.0036074805539101362,0.002714267000555992,-0.008374243974685669
1770932329.8080626,0.19880466163158417,-0.4931546747684479,-0.41337016224861145,-0.0033979660365730524,0.0031748663168400526,-0.008414531126618385
1770932329.8364916,0.19202308356761932,-0.4817720949649811,-0.4167267084121704,-0.003616069909185171,0.0026968384627252817,-0.008364042267203331
1770932329.8473067,0.1965775489807129,-0.484055757522583,-0.41351181268692017,-0.0033483165316283703,0.0032781152985990047,-0.008196691051125526
1770932329.8703759,0.1828993856906891,-0.4822089672088623,-0.436918169260025,-0.003443154040724039,0.002726505510509014,-0.008100518956780434
1770932329.8883288,0.19619421660900116,-0.487980455160141,-0.41914016008377075,-0.0033896660897880793,0.002990961540490389,-0.008164308965206146
1770932329.9122028,0.18954728543758392,-0.48038026690483093,-0.4114418923854828,-0.003497589146718383,0.002873045625165105,-0.008247819729149342
1770932329.9292436,0.19309215247631073,-0.48042061924934387,-0.43232282996177673,-0.003613401437178254,0.00270446646027267,-0.008399725891649723
1770932329.9478273,0.18825548887252808,-0.47728103399276733,-0.4243166148662567,-0.003633634652942419,0.002813110826537013,-0.008337032049894333
1770932329.9774866,0.18741483986377716,-0.4837900996208191,-0.41858619451522827,-0.0036329394206404686,0.002661298494786024,-0.008502506650984287
1770932329.9894264,0.18908338248729706,-0.4846515655517578,-0.42924562096595764,-0.003508738474920392,0.002911090850830078,-0.00829632580280304
1770932329.9944327,0.18250435590744019,-0.4851585030555725,-0.4374973773956299,-0.0033667099196463823,0.002967366948723793,-0.008484388701617718
1770932330.0188584,0.19636572897434235,-0.48712319135665894,-0.42656365036964417,-0.0036769243888556957,0.002680828794836998,-0.008380047045648098
1770932330.0369942,0.1850546896457672,-0.4886332154273987,-0.42240893840789795,-0.0034242011606693268,0.0030673216097056866,-0.008393654599785805
1770932330.0486066,0.19154605269432068,-0.4963163733482361,-0.4212079644203186,-0.0035188025794923306,0.0031113827135413885,-0.008260798640549183
1770932330.0608387,0.19834692776203156,-0.48654118180274963,-0.4155978858470917,-0.0034528574906289577,0.002927717287093401,-0.00820520706474781
1770932330.071995,0.1864771693944931,-0.483562171459198,-0.41684815287590027,-0.0034598528873175383,0.002875220961868763,-0.008445235900580883
1770932330.0892425,0.18804199993610382,-0.48404785990715027,-0.4353277087211609,-0.003478158498182893,0.002840417670086026,-0.008459292352199554
1770932330.1072445,0.19119146466255188,-0.4806043803691864,-0.4245546758174896,-0.003626591991633177,0.002633828204125166,-0.008015507832169533
1770932330.13061,0.18096429109573364,-0.4780198037624359,-0.4184550940990448,-0.003418971551582217,0.0026520397514104843,-0.00824088416993618
1770932330.1370478,0.17940068244934082,-0.47027626633644104,-0.42765742540359497,-0.0035532666370272636,0.0029137260280549526,-0.008292839862406254
1770932330.1537519,0.18814049661159515,-0.48556220531463623,-0.43224772810935974,-0.0037145407404750586,0.0025817076675593853,-0.008570286445319653
1770932330.184478,0.18892933428287506,-0.4878427982330322,-0.4273241460323334,-0.003970959689468145,0.00273710279725492,-0.008363194763660431
1770932330.2122097,0.17704012989997864,-0.48552393913269043,-0.42633357644081116,-0.003727212781086564,0.0029110852628946304,-0.008342156186699867
1770932330.2309911,0.19111892580986023,-0.48248836398124695,-0.4183412790298462,-0.003620636649429798,0.003138080472126603,-0.008216031827032566
1770932330.2488742,0.19669412076473236,-0.4900643229484558,-0.4210613965988159,-0.003462249180302024,0.0029166422318667173,-0.008609744720160961
1770932330.2662244,0.18749888241291046,-0.48975053429603577,-0.42076003551483154,-0.0034772497601807117,0.0030163961928337812,-0.008312739431858063
1770932330.3103576,0.18960973620414734,-0.488733172416687,-0.4172946512699127,-0.0035036413464695215,0.0030257245525717735,-0.008143258281052113
1770932330.3343163,0.19172272086143494,-0.48379039764404297,-0.42343971133232117,-0.003307729959487915,0.0028860727325081825,-0.00859489943832159
1770932330.3571072,0.17964844405651093,-0.48672354221343994,-0.4248688220977783,-0.0035471634473651648,0.0025159595534205437,-0.008100283332169056
1770932330.392214,0.18713729083538055,-0.47973519563674927,-0.4300342798233032,-0.0036513442173600197,0.0028006648644804955,-0.00859841424971819
1770932330.4158673,0.19147047400474548,-0.48806232213974,-0.4193417429924011,-0.0037004943005740643,0.0028101929929107428,-0.008425853215157986
1770932330.4218795,0.1925501823425293,-0.49098944664001465,-0.4118688702583313,-0.0035226568579673767,0.002869518008083105,-0.00828226376324892
1770932330.4330556,0.18116436898708344,-0.48676797747612,-0.4288236200809479,-0.0036192985717207193,0.002510007470846176,-0.008350703865289688
1770932330.4618778,0.18912668526172638,-0.4942476153373718,-0.4323321282863617,-0.0034293504431843758,0.0032195213716477156,-0.008285160176455975
1770932330.4910345,0.1890767514705658,-0.485130250453949,-0.4291934669017792,-0.0033902579452842474,0.0028207411523908377,-0.008293949998915195
1770932330.527178,0.18840475380420685,-0.48997461795806885,-0.4314996302127838,-0.003601823002099991,0.002890602685511112,-0.008319010026752949
1770932330.5442336,0.18291500210762024,-0.48819926381111145,-0.4205687642097473,-0.0036272970028221607,0.0030213980935513973,-0.008255780674517155
1770932330.5549803,0.18585921823978424,-0.4814699590206146,-0.42767149209976196,-0.0036422808188945055,0.0028194463811814785,-0.008604995906352997
1770932330.5669494,0.18414689600467682,-0.47970014810562134,-0.4175509512424469,-0.0035909870639443398,0.002661729697138071,-0.008373139426112175
1770932330.5971196,0.18813756108283997,-0.4859169125556946,-0.43041354417800903,-0.003862330224364996,0.0025712824426591396,-0.008512746542692184
1770932330.6209881,0.18698711693286896,-0.4956255853176117,-0.43771564960479736,-0.003597094677388668,0.0030526542104780674,-0.008352836593985558
1770932330.626004,0.1848970353603363,-0.48946449160575867,-0.43682894110679626,-0.0035259060095995665,0.002886224305257201,-0.007927699014544487
1770932330.6497877,0.20359644293785095,-0.4820919334888458,-0.4303567409515381,-0.00337096001021564,0.0027829536702483892,-0.008402373641729355
1770932330.661572,0.19989125430583954,-0.4832691252231598,-0.41346582770347595,-0.0034219061490148306,0.0030617620795965195,-0.00832416582852602
1770932330.6868773,0.19247078895568848,-0.49124181270599365,-0.4212004542350769,-0.00358959729783237,0.0029754526913166046,-0.008023567497730255
1770932330.7056286,0.1951964646577835,-0.48609626293182373,-0.4221430718898773,-0.0037868842482566833,0.0028986106626689434,-0.008157465606927872
1770932330.740551,0.183264821767807,-0.4822109341621399,-0.4253193438053131,-0.0037195649929344654,0.0028813104145228863,-0.008379369974136353
1770932330.7526748,0.18597401678562164,-0.4868701696395874,-0.4278518557548523,-0.003570409258827567,0.002710615284740925,-0.008144229650497437
1770932330.7750568,0.19285812973976135,-0.4759421646595001,-0.4203367531299591,-0.0033202283084392548,0.002754212822765112,-0.008752015419304371
1770932330.7874506,0.18700110912322998,-0.481453537940979,-0.4204477071762085,-0.003641620511189103,0.0027579383458942175,-0.00842613261193037
1770932330.8111215,0.1894477754831314,-0.4861016571521759,-0.4161544740200043,-0.003683270188048482,0.0029800478368997574,-0.008571334183216095
1770932330.8352175,0.19155660271644592,-0.4771232008934021,-0.42801252007484436,-0.0033481779973953962,0.0030828111339360476,-0.008607636205852032
1770932330.846851,0.17895394563674927,-0.48259446024894714,-0.4283241331577301,-0.0033903345465660095,0.0031264701392501593,-0.008236450143158436
1770932330.8709905,0.18677598237991333,-0.48744073510169983,-0.4136265516281128,-0.0033741267397999763,0.0031142467632889748,-0.008304952643811703
1770932330.9015124,0.19256527721881866,-0.48343807458877563,-0.43788468837738037,-0.0034095204900950193,0.002863975241780281,-0.008316672407090664
1770932330.9075124,0.1898665726184845,-0.4802584648132324,-0.4317401945590973,-0.0034961903002113104,0.00291434396058321,-0.00841494183987379
1770932330.918444,0.17853590846061707,-0.4804970324039459,-0.4187677800655365,-0.00330558349378407,0.0028021130710840225,-0.008315603248775005
1770932330.9592078,0.1935364007949829,-0.4816565215587616,-0.41645607352256775,-0.003590470412746072,0.0028739513363689184,-0.00827338919043541
1770932330.9711766,0.18037132918834686,-0.4827280640602112,-0.435217022895813,-0.0036249710246920586,0.002771386643871665,-0.008429639041423798
1770932331.0061579,0.1880149245262146,-0.4806500971317291,-0.422518253326416,-0.0036311065778136253,0.0029081508982926607,-0.008378690108656883
1770932331.029275,0.1821378618478775,-0.4808769226074219,-0.4244943857192993,-0.0033256933093070984,0.002887257607653737,-0.008534235879778862
1770932331.0352306,0.18607883155345917,-0.4888093173503876,-0.426883339881897,-0.003609964158385992,0.0030048685148358345,-0.008263301104307175
1770932331.0531836,0.18780148029327393,-0.4831370413303375,-0.4245619475841522,-0.0034272046759724617,0.002875334583222866,-0.008373159915208817
1770932331.0642962,0.19301903247833252,-0.4803420901298523,-0.4243112802505493,-0.003408819669857621,0.0029390992131084204,-0.008084445260465145
1770932331.1053028,0.1929129660129547,-0.48928868770599365,-0.4315894842147827,-0.003495486918836832,0.002743936376646161,-0.008339155465364456
1770932331.1113317,0.18369951844215393,-0.48729678988456726,-0.41962432861328125,-0.0034743493888527155,0.0028701310511678457,-0.008482260629534721
1770932331.1350245,0.19320005178451538,-0.4809662401676178,-0.42866864800453186,-0.0032678779680281878,0.002783507574349642,-0.008517961017787457
1770932331.1525142,0.18502745032310486,-0.4835769832134247,-0.41807639598846436,-0.003459580708295107,0.0027833380736410618,-0.008394567295908928
1770932331.1831613,0.18619461357593536,-0.48977893590927124,-0.4237622320652008,-0.003706110641360283,0.002890827599912882,-0.008199941366910934
1770932331.2000992,0.18783724308013916,-0.4807451665401459,-0.4072010815143585,-0.0035624471493065357,0.0026691367384046316,-0.008514449000358582
1770932331.2369547,0.1871478259563446,-0.47503986954689026,-0.428908109664917,-0.0035876936744898558,0.0028619994409382343,-0.008571283891797066
1770932331.2663639,0.18341165781021118,-0.48009049892425537,-0.41274312138557434,-0.0036498932167887688,0.0029174168594181538,-0.008346257731318474
1770932331.294663,0.19083015620708466,-0.48110321164131165,-0.4165533483028412,-0.0033214539289474487,0.0029373597353696823,-0.00830564834177494
1770932331.3307889,0.18147531151771545,-0.48854517936706543,-0.4211558699607849,-0.003668596502393484,0.002959699835628271,-0.008347203955054283
1770932331.3539402,0.1852157562971115,-0.48550233244895935,-0.420709490776062,-0.003536428324878216,0.0030012440402060747,-0.008130182512104511
1770932331.365909,0.187650665640831,-0.47946447134017944,-0.4132080376148224,-0.0036228520330041647,0.003096761181950569,-0.008183879777789116
1770932331.3948214,0.18772543966770172,-0.48498332500457764,-0.4230814576148987,-0.0037219927180558443,0.0027756551280617714,-0.008214958012104034
1770932331.412946,0.18296894431114197,-0.4882429838180542,-0.4197961390018463,-0.003741131629794836,0.002732199849560857,-0.008477303199470043
1770932331.4470584,0.19222672283649445,-0.4812653362751007,-0.4202694594860077,-0.003526108106598258,0.002578191924840212,-0.008214886300265789
1770932331.4830272,0.1954755187034607,-0.4812154769897461,-0.41267985105514526,-0.0033750601578503847,0.003044312819838524,-0.008452678099274635
1770932331.5180027,0.1937360167503357,-0.48617371916770935,-0.4172767400741577,-0.003475960809737444,0.003087389748543501,-0.008439447730779648
1770932331.5411706,0.1877831518650055,-0.4842555522918701,-0.42886149883270264,-0.0035327777732163668,0.0028275123331695795,-0.008076933212578297
1770932331.5470533,0.18628734350204468,-0.4885132312774658,-0.42094141244888306,-0.003413297701627016,0.0031654515769332647,-0.008363484404981136
1770932331.5646946,0.1862284392118454,-0.4842698276042938,-0.41125601530075073,-0.0037055364809930325,0.0030156716238707304,-0.008486161008477211
1770932331.5885975,0.18731337785720825,-0.4810864329338074,-0.42502349615097046,-0.003563253441825509,0.0028262706473469734,-0.008249185048043728
1770932331.6054952,0.18276561796665192,-0.48126542568206787,-0.4236660897731781,-0.0036915400996804237,0.0027661798521876335,-0.008683744817972183
1770932331.6184168,0.18509075045585632,-0.4788568913936615,-0.4197421967983246,-0.003291911678388715,0.002690273802727461,-0.008386248722672462
1770932331.6532776,0.1836264729499817,-0.4834235608577728,-0.42423951625823975,-0.003669777885079384,0.0027357598301023245,-0.008323213085532188
1770932331.6703837,0.18855904042720795,-0.489668071269989,-0.4349086880683899,-0.0035395838785916567,0.0027753382455557585,-0.008406910113990307
1770932331.6940398,0.1917019784450531,-0.4862183928489685,-0.420330673456192,-0.0034643274266272783,0.0030863794963806868,-0.008449767716228962
1770932331.7244258,0.18267080187797546,-0.4843509793281555,-0.42036664485931396,-0.0034274659119546413,0.002738549839705229,-0.00825157668441534
1770932331.7295547,0.19425098598003387,-0.49114513397216797,-0.4120051860809326,-0.003562793368473649,0.0029030388686805964,-0.00849373172968626
1770932331.752655,0.19335997104644775,-0.4778684675693512,-0.4214925467967987,-0.0033630714751780033,0.0028546166140586138,-0.008103536441922188
1770932331.7782354,0.18209800124168396,-0.4884091019630432,-0.42263567447662354,-0.003672400489449501,0.0030184087809175253,-0.008267218247056007
1770932331.7964084,0.18821223080158234,-0.4852238595485687,-0.42587095499038696,-0.003598335897549987,0.0027740737423300743,-0.00854612234979868
1770932331.8241014,0.18541404604911804,-0.4792267978191376,-0.4288293421268463,-0.0036887098103761673,0.0027761850506067276,-0.00836998876184225
1770932331.8421705,0.18047292530536652,-0.4785751700401306,-0.42170530557632446,-0.0036185369826853275,0.002629558090120554,-0.008353641256690025
1770932331.8724961,0.17961722612380981,-0.48760488629341125,-0.41683778166770935,-0.0034799985587596893,0.0028128037229180336,-0.008378141559660435
1770932331.884206,0.1864529699087143,-0.48223134875297546,-0.4355069100856781,-0.0034962957724928856,0.002643527928739786,-0.008320402354001999
1770932331.9012308,0.1881858855485916,-0.4902206063270569,-0.41046640276908875,-0.003608991391956806,0.0030440231785178185,-0.008345162495970726
1770932331.9244182,0.18794097006320953,-0.48878881335258484,-0.4127289652824402,-0.0035153143107891083,0.003083110088482499,-0.008256725035607815
1770932331.9486449,0.1890026330947876,-0.4814346730709076,-0.4222028851509094,-0.0032276934944093227,0.0027704962994903326,-0.008160924538969994
1770932331.9546287,0.1884855180978775,-0.4792582094669342,-0.4133415222167969,-0.0033402484841644764,0.0027598917949944735,-0.008291885256767273
1770932331.9886925,0.19005358219146729,-0.48527929186820984,-0.41795557737350464,-0.0035706725902855396,0.002840781817212701,-0.008216282352805138
1770932331.9947023,0.18259164690971375,-0.4843164086341858,-0.42351233959198,-0.0036213702987879515,0.0029922646936029196,-0.008195127360522747
1770932332.029297,0.18945623934268951,-0.485867440700531,-0.42296290397644043,-0.0037545799277722836,0.0026532302144914865,-0.00836919154971838
1770932332.0638008,0.18840081989765167,-0.48075947165489197,-0.4169986844062805,-0.003586628008633852,0.0026171861682087183,-0.008353650569915771
1770932332.069849,0.18818064033985138,-0.48672357201576233,-0.42472898960113525,-0.003554035210981965,0.003060651244595647,-0.008225674740970135
1770932332.0872693,0.18818427622318268,-0.4843273162841797,-0.42622774839401245,-0.003623305121436715,0.0028563120868057013,-0.00838239025324583
1770932332.0930095,0.18377511203289032,-0.4867168068885803,-0.4078741669654846,-0.003487994195893407,0.002764577278867364,-0.008244715631008148
1770932332.1165485,0.1902918666601181,-0.4847774803638458,-0.4208628535270691,-0.0033968747593462467,0.0028161241207271814,-0.008154000155627728
1770932332.1282885,0.18945713341236115,-0.4810203015804291,-0.42270126938819885,-0.003354607382789254,0.0029502909164875746,-0.008388690650463104
1770932332.1406724,0.18632549047470093,-0.48060062527656555,-0.4197702705860138,-0.0034354175440967083,0.0029876739718019962,-0.00817160028964281
1770932332.1707408,0.18456465005874634,-0.4834812581539154,-0.4265614151954651,-0.0035873365122824907,0.00280422973446548,-0.008356910198926926
1770932332.1891654,0.18512023985385895,-0.4798211455345154,-0.4128209352493286,-0.003623249474912882,0.00288866413757205,-0.008215067908167839
1770932332.2199936,0.18823792040348053,-0.4794620871543884,-0.4126514792442322,-0.0036015277728438377,0.002610242459923029,-0.008254867047071457
1770932332.2327669,0.18633604049682617,-0.48213276267051697,-0.4339207112789154,-0.0037693839985877275,0.0025049145333468914,-0.008232725784182549
1770932332.2520802,0.1816689372062683,-0.4862940013408661,-0.4151419699192047,-0.0035994991194456816,0.0027671162970364094,-0.00825564470142126
1770932332.2689788,0.19128604233264923,-0.4815710186958313,-0.42883116006851196,-0.003348458791151643,0.002575987484306097,-0.008244801312685013
1770932332.293341,0.17659595608711243,-0.48835107684135437,-0.4219915270805359,-0.003831047099083662,0.002794358180835843,-0.00815412774682045
1770932332.298439,0.19099736213684082,-0.48382768034935,-0.418098509311676,-0.0034647767897695303,0.00278294226154685,-0.008409600704908371
1770932332.3167834,0.18858766555786133,-0.481842964887619,-0.40994685888290405,-0.003458733670413494,0.0029789749532938004,-0.00852672103792429
1770932332.3284137,0.19172550737857819,-0.49469608068466187,-0.41370439529418945,-0.0033519091084599495,0.0031170863658189774,-0.008320945315063
1770932332.3564196,0.18767888844013214,-0.48643696308135986,-0.42475414276123047,-0.0034475207794457674,0.0030706776306033134,-0.008560175076127052
1770932332.3764248,0.179525688290596,-0.4909118413925171,-0.42302027344703674,-0.003534231334924698,0.002921087434515357,-0.008359181694686413
1770932332.3943832,0.18469269573688507,-0.4843534529209137,-0.4343380630016327,-0.003732285462319851,0.002622947795316577,-0.008307513780891895
1770932332.4118853,0.17554296553134918,-0.48670169711112976,-0.4232655465602875,-0.0035872478038072586,0.002856176346540451,-0.00837266631424427
1770932332.428094,0.17544101178646088,-0.4855215847492218,-0.4366282820701599,-0.0035569046158343554,0.0024737720377743244,-0.008042320609092712
1770932332.4524388,0.18126605451107025,-0.4747932553291321,-0.4224380552768707,-0.0035869681742042303,0.0024492761585861444,-0.008213572204113007
1770932332.4811046,0.18675434589385986,-0.47771039605140686,-0.41738471388816833,-0.0033118552528321743,0.002860860200598836,-0.008235028013586998
1770932332.4990606,0.18205764889717102,-0.48947522044181824,-0.42900800704956055,-0.003658974776044488,0.0029694251716136932,-0.008169762790203094
1770932332.5050743,0.18823480606079102,-0.48647746443748474,-0.4283076226711273,-0.0035749897360801697,0.0029483649414032698,-0.008218582719564438
1770932332.517045,0.19270864129066467,-0.48384854197502136,-0.41087278723716736,-0.0035734190605580807,0.0030332806054502726,-0.008410518057644367
1770932332.5297015,0.18384669721126556,-0.4860134720802307,-0.4298926293849945,-0.0033276246394962072,0.003240290330722928,-0.00823249388486147
1770932332.5470095,0.17994536459445953,-0.4920191168785095,-0.4269804358482361,-0.003446327056735754,0.0029568616300821304,-0.008070887997746468
1770932332.5590537,0.18020160496234894,-0.4869801104068756,-0.4129375219345093,-0.003518325975164771,0.0027539667207747698,-0.008071993477642536
1770932332.5641942,0.19221024215221405,-0.4842863082885742,-0.4156833291053772,-0.003226993605494499,0.003164073918014765,-0.008485709317028522
1770932332.570209,0.18439579010009766,-0.48850327730178833,-0.41852959990501404,-0.0036743839737027884,0.002731114160269499,-0.008182892575860023
1770932332.581442,0.1819605678319931,-0.4877517819404602,-0.42111262679100037,-0.0034789915662258863,0.0030427502933889627,-0.00821643602102995
1770932332.6003118,0.18168023228645325,-0.48770853877067566,-0.4236522912979126,-0.003648344660177827,0.0028903414495289326,-0.008039007894694805
1770932332.6461992,0.17469650506973267,-0.4882355034351349,-0.42097869515419006,-0.003814572701230645,0.002873522462323308,-0.00837390311062336
1770932332.6581435,0.18821637332439423,-0.47697165608406067,-0.42345404624938965,-0.003576565533876419,0.002908106194809079,-0.008474408648908138
1770932332.6641285,0.18144099414348602,-0.4831702709197998,-0.43375569581985474,-0.0036245982628315687,0.002367677167057991,-0.008060419000685215
1770932332.669263,0.1958189308643341,-0.48640620708465576,-0.42448097467422485,-0.003872687928378582,0.0029132324270904064,-0.008574743755161762
1770932332.691676,0.19238786399364471,-0.4867297112941742,-0.42009130120277405,-0.0035148572642356157,0.002993103815242648,-0.008411092683672905
1770932332.7040682,0.18400222063064575,-0.48991939425468445,-0.4184504449367523,-0.003626854857429862,0.002806594828143716,-0.008184905163943768
1770932332.7222295,0.19350206851959229,-0.4791238605976105,-0.41346627473831177,-0.0034123221412301064,0.0028851546812802553,-0.008382822386920452
1770932332.7415087,0.1941222995519638,-0.4876554310321808,-0.409901887178421,-0.0033873238135129213,0.0029397502075880766,-0.008132345974445343
1770932332.7691116,0.1860760897397995,-0.4826450049877167,-0.4129653573036194,-0.003462083637714386,0.003083587158471346,-0.008267173543572426
1770932332.7814655,0.19707055389881134,-0.48889631032943726,-0.4256106913089752,-0.0035062741953879595,0.003020500997081399,-0.008375703357160091
1770932332.8097193,0.18353207409381866,-0.4879288971424103,-0.41006404161453247,-0.003636823268607259,0.0026189060881733894,-0.008260274305939674
1770932332.826944,0.1894349902868271,-0.48042038083076477,-0.42158257961273193,-0.0035080802626907825,0.003212049137800932,-0.008455589413642883
1770932332.8439155,0.19199514389038086,-0.4735872447490692,-0.4165738523006439,-0.0035346162039786577,0.0028770777862519026,-0.008502589538693428
1770932332.8686268,0.19206607341766357,-0.4804745018482208,-0.42876628041267395,-0.0037244928535073996,0.0026434080209583044,-0.008245347067713737
1770932332.8802967,0.1857607513666153,-0.49106886982917786,-0.41402098536491394,-0.003868775675073266,0.002664571162313223,-0.008372202515602112
1770932332.8994823,0.190118208527565,-0.4837214946746826,-0.4142143726348877,-0.0037427847273647785,0.0031683919951319695,-0.00850836280733347
1770932332.9186518,0.1959083527326584,-0.48487338423728943,-0.40986695885658264,-0.003580066841095686,0.0030290887225419283,-0.00838728342205286
1770932332.93641,0.19270823895931244,-0.48629796504974365,-0.4109281003475189,-0.003743373788893223,0.003078022738918662,-0.008572684600949287
1770932332.942394,0.19987328350543976,-0.48745810985565186,-0.410091370344162,-0.003373905085027218,0.002975954208523035,-0.008375296369194984
1770932332.9483788,0.17852531373500824,-0.49017104506492615,-0.4202313721179962,-0.0034285327419638634,0.0029541547410190105,-0.00798428151756525
1770932332.9712124,0.1900426745414734,-0.48455873131752014,-0.42658916115760803,-0.0033939946442842484,0.002998874057084322,-0.008420642465353012
1770932333.0000095,0.19232961535453796,-0.4836127758026123,-0.4061773717403412,-0.003456040984019637,0.0030872425995767117,-0.008499231189489365
1770932333.0116448,0.18429222702980042,-0.4800556004047394,-0.4180697500705719,-0.0033782825339585543,0.0029076323844492435,-0.00813408475369215
1770932333.0116448,0.18257790803909302,-0.4796636700630188,-0.4324950575828552,-0.0036278036423027515,0.002644637832418084,-0.008347664959728718
1770932333.0236144,0.18619823455810547,-0.4859844446182251,-0.4272015690803528,-0.003511031623929739,0.0027538882568478584,-0.008184796199202538
1770932333.0296278,0.18472981452941895,-0.48118796944618225,-0.4237816035747528,-0.0034069532994180918,0.0031486479565501213,-0.008196050301194191
1770932333.0655363,0.1848280131816864,-0.4843360483646393,-0.42918717861175537,-0.0034697470255196095,0.0024868506006896496,-0.008343416266143322
1770932333.0707328,0.17597056925296783,-0.4777446687221527,-0.4304247200489044,-0.004010180942714214,0.0029015312902629375,-0.008185239508748055
1770932333.087863,0.19247591495513916,-0.48368039727211,-0.4145026206970215,-0.0037922982592135668,0.002758380491286516,-0.008531479164958
1770932333.0940807,0.19185665249824524,-0.4840117394924164,-0.4259478747844696,-0.003600191790610552,0.0024791760370135307,-0.008393137715756893
1770932333.1115072,0.19697074592113495,-0.48365840315818787,-0.4186590909957886,-0.0034477622248232365,0.0028782840818166733,-0.008403045125305653
1770932333.1176093,0.1906840205192566,-0.48933330178260803,-0.41054990887641907,-0.0036536564584821463,0.0028241542167961597,-0.008342020213603973
1770932333.1295795,0.18132434785366058,-0.48862147331237793,-0.4077702462673187,-0.003720731707289815,0.002911003539338708,-0.008284643292427063
1770932333.1414948,0.18838798999786377,-0.48101845383644104,-0.4106365442276001,-0.0035235185641795397,0.003042735857889056,-0.008166827261447906
1770932333.1654382,0.19032683968544006,-0.4933653473854065,-0.4142194092273712,-0.003400255925953388,0.0029863629024475813,-0.008322354406118393
1770932333.1763115,0.188670814037323,-0.49521130323410034,-0.4317822754383087,-0.0035847497638314962,0.0030544272158294916,-0.008303394541144371
1770932333.1825507,0.19307759404182434,-0.4796712398529053,-0.42012837529182434,-0.00354768056422472,0.0027606235817074776,-0.008390017785131931
1770932333.187797,0.18158100545406342,-0.4869054853916168,-0.4127161502838135,-0.0034561713691800833,0.0030984445475041866,-0.00820920430123806
1770932333.1993735,0.18658550083637238,-0.48039957880973816,-0.4235851764678955,-0.0034858412109315395,0.0029301049653440714,-0.008160901255905628
1770932333.2301214,0.19209599494934082,-0.47858309745788574,-0.42179104685783386,-0.0034404888283461332,0.002928047440946102,-0.008187777362763882
1770932333.242959,0.18438738584518433,-0.4815932810306549,-0.4142473638057709,-0.0033794711343944073,0.0029490962624549866,-0.008198490366339684
1770932333.2656507,0.18385663628578186,-0.48597562313079834,-0.4378528296947479,-0.0038936466444283724,0.0026049138978123665,-0.008306893520057201
1770932333.2656507,0.18584692478179932,-0.4849450886249542,-0.41590526700019836,-0.0036629345268011093,0.0026830737479031086,-0.008231045678257942
1770932333.2797196,0.1849958300590515,-0.4801408052444458,-0.4182584583759308,-0.003536247881129384,0.0027488511987030506,-0.008241841569542885
1770932333.2921512,0.1890181601047516,-0.4853312373161316,-0.4186536967754364,-0.0037562199868261814,0.002652487950399518,-0.008228857070207596
1770932333.3040369,0.18709741532802582,-0.4808068573474884,-0.4221148192882538,-0.0037375937681645155,0.002760710660368204,-0.008296300657093525
1770932333.3268318,0.18302218616008759,-0.48237043619155884,-0.4185291528701782,-0.003432890633121133,0.0029707688372582197,-0.008312884718179703
1770932333.344446,0.1904025375843048,-0.48320358991622925,-0.4155566096305847,-0.0034335933160036802,0.0027873110957443714,-0.008387225680053234
1770932333.379649,0.1940506249666214,-0.4833696782588959,-0.4211748242378235,-0.00332734570838511,0.002915357006713748,-0.008096219971776009
1770932333.4138045,0.19388151168823242,-0.4875296950340271,-0.41966643929481506,-0.003431214252486825,0.0028993249870836735,-0.008375280536711216
1770932333.438349,0.18551096320152283,-0.47975558042526245,-0.41178593039512634,-0.0033961795270442963,0.003022332675755024,-0.008337433449923992
1770932333.4611635,0.1917438805103302,-0.48691660165786743,-0.4274115562438965,-0.003658900037407875,0.002690486377105117,-0.008466354571282864
1770932333.4782066,0.1816015988588333,-0.48470547795295715,-0.420991986989975,-0.0036780277732759714,0.003153412137180567,-0.008462117984890938
1770932333.4972968,0.18366292119026184,-0.48224931955337524,-0.42961621284484863,-0.0036281945649534464,0.0026757055893540382,-0.00840182974934578
1770932333.5212243,0.18053384125232697,-0.48601698875427246,-0.42565813660621643,-0.003886980237439275,0.0028869477100670338,-0.008514109067618847
1770932333.5455668,0.19658158719539642,-0.4863933324813843,-0.4279016852378845,-0.0037583468947559595,0.0026260323356837034,-0.008053245022892952
1770932333.551553,0.19108165800571442,-0.4880926311016083,-0.41635069251060486,-0.003460161155089736,0.003046114230528474,-0.008384711109101772
1770932333.5685086,0.1878565549850464,-0.4906795918941498,-0.4222854971885681,-0.0035328399389982224,0.0029187945183366537,-0.008152484893798828
1770932333.5865834,0.19256393611431122,-0.4926246702671051,-0.41942450404167175,-0.003563216421753168,0.002703520003706217,-0.008495810441672802
1770932333.5980844,0.18412461876869202,-0.48936519026756287,-0.43127384781837463,-0.0035145587753504515,0.0030461326241493225,-0.008124546147882938
1770932333.613783,0.1912514567375183,-0.48544996976852417,-0.41570761799812317,-0.003176289377734065,0.0030316368211060762,-0.008233141154050827
1770932333.6423545,0.18510127067565918,-0.4885103404521942,-0.4224148988723755,-0.0034505045041441917,0.0029136755038052797,-0.008310424163937569
1770932333.6539612,0.19564759731292725,-0.4767909049987793,-0.4091252088546753,-0.0034900049213320017,0.0027489825151860714,-0.008487516082823277
1770932333.6645525,0.18398945033550262,-0.4796556830406189,-0.41008317470550537,-0.0033835098147392273,0.0027732006274163723,-0.008300373330712318
1770932333.6704044,0.1945786327123642,-0.4819212555885315,-0.41981324553489685,-0.0034975658636540174,0.0029214988462626934,-0.008271655067801476
1770932333.7018313,0.18351000547409058,-0.480959951877594,-0.421567440032959,-0.0033915448002517223,0.002918982645496726,-0.008344500325620174
1770932333.7138016,0.19338087737560272,-0.47623395919799805,-0.4221777319908142,-0.003800451522693038,0.002562995068728924,-0.008242852054536343
1770932333.7456543,0.18526218831539154,-0.48712608218193054,-0.4141426980495453,-0.0037872674874961376,0.002827863674610853,-0.00837076734751463
1770932333.7578332,0.18417565524578094,-0.4865696132183075,-0.41771817207336426,-0.003721191082149744,0.0029748775996267796,-0.00856986828148365
1770932333.7628765,0.18238452076911926,-0.4851587116718292,-0.42138805985450745,-0.00348008144646883,0.0028273125644773245,-0.00822318997234106
1770932333.774968,0.18875162303447723,-0.4822503626346588,-0.4294947683811188,-0.0036242567002773285,0.0026851841248571873,-0.00805183406919241
1770932333.7940342,0.18561813235282898,-0.48465263843536377,-0.41267794370651245,-0.0033895852975547314,0.0027824020944535732,-0.008380907587707043
1770932333.805112,0.18957853317260742,-0.48672688007354736,-0.41100141406059265,-0.00329581112600863,0.0029161893762648106,-0.008200756274163723
1770932333.82256,0.18659718334674835,-0.4860037565231323,-0.4167129695415497,-0.00344669446349144,0.0030122932512313128,-0.008294825442135334
1770932333.8510494,0.19125664234161377,-0.4858401417732239,-0.416999489068985,-0.003479862120002508,0.00288854306563735,-0.008353255689144135
1770932333.8627384,0.19045691192150116,-0.48450127243995667,-0.4306589961051941,-0.0034706757869571447,0.002806219272315502,-0.008320552296936512
1770932333.8856843,0.18360260128974915,-0.4883125424385071,-0.41466224193573,-0.003616567235440016,0.0028570429421961308,-0.008116967044770718
1770932333.8976138,0.18398717045783997,-0.48249077796936035,-0.417188823223114,-0.003593031782656908,0.002669177483767271,-0.00829312950372696
1770932333.915585,0.1777493804693222,-0.4812152087688446,-0.4284229874610901,-0.003717535873875022,0.0027316652704030275,-0.008501920849084854
1770932333.9275825,0.18723571300506592,-0.4754182994365692,-0.4297851622104645,-0.0036880907136946917,0.002770827617496252,-0.008325627073645592
1770932333.9452288,0.18846838176250458,-0.4778604507446289,-0.4157091975212097,-0.0035491439048200846,0.002664779545739293,-0.008448673412203789
1770932333.9681692,0.1892014592885971,-0.48792245984077454,-0.42647337913513184,-0.0034047814551740885,0.0027294130995869637,-0.008301191963255405
1770932333.9860091,0.18359661102294922,-0.48294979333877563,-0.416964054107666,-0.003580793272703886,0.003079988993704319,-0.008333400823175907
1770932333.997519,0.19174562394618988,-0.4879499077796936,-0.42656397819519043,-0.0035652234219014645,0.0027799911331385374,-0.008143422193825245
1770932334.009811,0.18713945150375366,-0.48987844586372375,-0.4212874472141266,-0.0034394478425383568,0.002817146247252822,-0.008229590952396393
1770932334.0216153,0.1936640739440918,-0.48707711696624756,-0.41734665632247925,-0.003489837283268571,0.0030570058152079582,-0.008395356126129627
1770932334.044598,0.19055868685245514,-0.48962393403053284,-0.4203280806541443,-0.003350331913679838,0.0029795514419674873,-0.008430346846580505
1770932334.069012,0.19028779864311218,-0.4832892417907715,-0.417125403881073,-0.003362700343132019,0.002728542545810342,-0.00849558413028717
1770932334.0810127,0.1837918758392334,-0.4802376329898834,-0.4168225824832916,-0.0035722011234611273,0.002743456047028303,-0.00820980779826641
1770932334.1122847,0.18739336729049683,-0.48636212944984436,-0.4143873155117035,-0.00368953263387084,0.0028593884781003,-0.008107132278382778
1770932334.1246748,0.18642063438892365,-0.47849124670028687,-0.423568457365036,-0.0035878573544323444,0.00304542388767004,-0.008267560042440891
1770932334.1366441,0.17906934022903442,-0.480802446603775,-0.42066118121147156,-0.0037260022945702076,0.002714690752327442,-0.008376172743737698
1770932334.1602416,0.18911577761173248,-0.48121362924575806,-0.4292161464691162,-0.0036608499940484762,0.0027327616699039936,-0.008316933177411556
1770932334.1789849,0.18199343979358673,-0.478750616312027,-0.4266434609889984,-0.0036338595673441887,0.003142072819173336,-0.008290792815387249
1770932334.191327,0.18813250958919525,-0.48243311047554016,-0.41383957862854004,-0.0036837500520050526,0.002753780223429203,-0.008471133187413216
1770932334.212189,0.1834423989057541,-0.4802716374397278,-0.41321438550949097,-0.0034586223773658276,0.0027028489857912064,-0.008282738737761974
1770932334.2295215,0.18783320486545563,-0.4821324348449707,-0.4071592092514038,-0.003277428448200226,0.00291258143261075,-0.008594369515776634
1770932334.2649825,0.18707068264484406,-0.48808053135871887,-0.41592153906822205,-0.003492338815703988,0.0029125367291271687,-0.008101249113678932
1770932334.2810044,0.1860019713640213,-0.48555511236190796,-0.4140760004520416,-0.003654434345662594,0.0028325142338871956,-0.008220403455197811
1770932334.3051362,0.18696853518486023,-0.48563024401664734,-0.43119195103645325,-0.0037924330681562424,0.002553321188315749,-0.0082932710647583
1770932334.3291957,0.1950100213289261,-0.4882546365261078,-0.41732150316238403,-0.0037910882383584976,0.0028879819437861443,-0.008186615072190762
1770932334.345574,0.1806890219449997,-0.48165538907051086,-0.42020735144615173,-0.003479019505903125,0.0026565880980342627,-0.008145058527588844
1770932334.3582582,0.1857191026210785,-0.4778469502925873,-0.4124085009098053,-0.0033508839551359415,0.0027845888398587704,-0.008473983034491539
1770932334.3816133,0.19165988266468048,-0.4770805239677429,-0.4237402677536011,-0.0034581804648041725,0.002718572271987796,-0.008641173131763935
1770932334.3925755,0.18250402808189392,-0.4788203537464142,-0.41910937428474426,-0.003434133483096957,0.0029943620320409536,-0.008348154835402966
1770932334.416961,0.18265144526958466,-0.48014962673187256,-0.42525067925453186,-0.003431656863540411,0.0029555493965744972,-0.008361748419702053
1770932334.4478245,0.1883123368024826,-0.48750779032707214,-0.4142749011516571,-0.00334469648078084,0.003011932596564293,-0.008206780068576336
1770932334.4846313,0.18637220561504364,-0.48495811223983765,-0.4125663638114929,-0.0034795955289155245,0.0031637721695005894,-0.008224252611398697
1770932334.508345,0.19122347235679626,-0.479409396648407,-0.4306868016719818,-0.0037673362530767918,0.002762943971902132,-0.00838849414139986
1770932334.5367289,0.1835196316242218,-0.4887354373931885,-0.41256916522979736,-0.0035804526414722204,0.0028303409926593304,-0.00820506177842617
1770932334.5547662,0.18039675056934357,-0.4782075583934784,-0.4189086854457855,-0.003686100710183382,0.002786934608593583,-0.008391525596380234
1770932334.5727203,0.18872922658920288,-0.48441070318222046,-0.4202615022659302,-0.0035252543166279793,0.002714665373787284,-0.008343829773366451
1770932334.5787354,0.18253792822360992,-0.4795134961605072,-0.4139368534088135,-0.0034934391733258963,0.002906168345361948,-0.008415216580033302
1770932334.5958648,0.18054905533790588,-0.48001629114151,-0.42332085967063904,-0.0035967675503343344,0.0027192423585802317,-0.008216281421482563
1770932334.6077783,0.18349312245845795,-0.4819811284542084,-0.43387937545776367,-0.0035876773763448,0.0028389531653374434,-0.00834542978554964
1770932334.6189992,0.18699538707733154,-0.47943824529647827,-0.41921573877334595,-0.0035873588640242815,0.0027710809372365475,-0.008398950099945068
1770932334.6253815,0.1903289556503296,-0.4858061671257019,-0.4056533873081207,-0.0034427482169121504,0.003072592429816723,-0.00862213596701622
1770932334.6316307,0.18816567957401276,-0.484080046415329,-0.41487547755241394,-0.0034447703510522842,0.002723192796111107,-0.008128995075821877
1770932334.6623213,0.18349075317382812,-0.48219582438468933,-0.4125535488128662,-0.003470212919637561,0.002745960606262088,-0.008253059349954128
1770932334.6798239,0.18151424825191498,-0.4790824353694916,-0.42174676060676575,-0.0035015179309993982,0.002903637010604143,-0.00814754981547594
1770932334.6908293,0.17494139075279236,-0.4758026897907257,-0.4248296916484833,-0.003469983348622918,0.0030010780319571495,-0.008240525610744953
1770932334.7152832,0.19191066920757294,-0.4809383451938629,-0.4008105993270874,-0.003587372601032257,0.0029069508891552687,-0.00841984897851944
1770932334.7518334,0.18703357875347137,-0.47704455256462097,-0.4346563220024109,-0.003667603014037013,0.00263590132817626,-0.008320808410644531
1770932334.7696648,0.18301790952682495,-0.48108041286468506,-0.4223337173461914,-0.003707130905240774,0.002621357562020421,-0.00852243322879076
1770932334.7879083,0.18662641942501068,-0.4737430512905121,-0.4146057367324829,-0.0035195695236325264,0.0027652624994516373,-0.00850839912891388
1770932334.793008,0.19177882373332977,-0.4789635241031647,-0.4194182753562927,-0.003896099515259266,0.002824227325618267,-0.008547554723918438
1770932334.816007,0.18334388732910156,-0.48224368691444397,-0.41272035241127014,-0.003631147090345621,0.0030018736142665148,-0.008441708981990814
1770932334.8431995,0.18611179292201996,-0.48006191849708557,-0.42185917496681213,-0.0034701041877269745,0.0030062522273510695,-0.008271636441349983
1770932334.8547444,0.1820363700389862,-0.4810558557510376,-0.41446253657341003,-0.0035260929726064205,0.0027700660284608603,-0.008333232253789902
1770932334.8653042,0.18696758151054382,-0.49042218923568726,-0.4271693229675293,-0.0035591511987149715,0.0028977040201425552,-0.008496607653796673
1770932334.8706367,0.19105392694473267,-0.4845972955226898,-0.4179561734199524,-0.0033691911958158016,0.002919824095442891,-0.008271141909062862
1770932334.881212,0.18074484169483185,-0.48914197087287903,-0.426426500082016,-0.0036281486973166466,0.0030690953135490417,-0.00826085265725851
1770932334.9105833,0.18574514985084534,-0.4885644316673279,-0.4214879274368286,-0.003587285289540887,0.0029675231780856848,-0.0083699282258749
1770932334.9267845,0.18859951198101044,-0.4838821589946747,-0.4343356192111969,-0.003529755864292383,0.00283411773853004,-0.008220565505325794
1770932334.9387338,0.1896577626466751,-0.4807777404785156,-0.4303508698940277,-0.00368896359577775,0.0024610136169940233,-0.00835899356752634
1770932334.9682486,0.18314601480960846,-0.47474461793899536,-0.42190924286842346,-0.003658968023955822,0.002694727387279272,-0.008450429886579514
1770932334.9733703,0.18269965052604675,-0.4837481677532196,-0.42536064982414246,-0.0036537391133606434,0.0027829476166516542,-0.008442917838692665
1770932334.979355,0.19077984988689423,-0.4829566776752472,-0.42345985770225525,-0.0037857259158045053,0.002829466015100479,-0.008505831472575665
1770932334.9971077,0.18227256834506989,-0.4828128218650818,-0.4236607253551483,-0.003580172313377261,0.0026960973627865314,-0.008323841728270054
1770932335.0090768,0.17739370465278625,-0.4771979749202728,-0.41370221972465515,-0.003517487784847617,0.0025976188480854034,-0.008283911272883415
1770932335.015061,0.19318872690200806,-0.48989954590797424,-0.40929725766181946,-0.0036240126937627792,0.002897045575082302,-0.008304252289235592
1770932335.0260625,0.18188466131687164,-0.491371750831604,-0.4176381826400757,-0.0034318636171519756,0.0029423837549984455,-0.00810941681265831
1770932335.0380023,0.1913764476776123,-0.48379430174827576,-0.4169834852218628,-0.0034454334527254105,0.0031406183261424303,-0.008465919643640518
1770932335.0619907,0.1895383596420288,-0.4907168447971344,-0.40950748324394226,-0.0037595867179334164,0.002748561091721058,-0.008286484517157078
1770932335.0798054,0.1873694509267807,-0.479621559381485,-0.40546226501464844,-0.0031526994425803423,0.00342263700440526,-0.008539590984582901
1770932335.108421,0.19272661209106445,-0.48693257570266724,-0.4153490364551544,-0.0034297294914722443,0.0031839197035878897,-0.008623190224170685
1770932335.1250093,0.17447839677333832,-0.4836544096469879,-0.40787190198898315,-0.0037428017240017653,0.0026435195468366146,-0.00819135457277298
1770932335.1377404,0.18487975001335144,-0.4793931841850281,-0.4261983036994934,-0.0034762572031468153,0.002670016372576356,-0.008158959448337555
1770932335.1546552,0.1884700506925583,-0.48546072840690613,-0.4380700886249542,-0.0035735871642827988,0.0024651656858623028,-0.008154891431331635
1770932335.166208,0.18913860619068146,-0.47574496269226074,-0.4336737096309662,-0.003606334561482072,0.002592670964077115,-0.0082888538017869
1770932335.171245,0.17924365401268005,-0.48206856846809387,-0.4110872447490692,-0.003347672987729311,0.003078633453696966,-0.008486355654895306
1770932335.1966004,0.18385007977485657,-0.4819871485233307,-0.41475710272789,-0.003643057541921735,0.002956902841106057,-0.008009412325918674
1770932335.2072632,0.18485236167907715,-0.48858964443206787,-0.4131273925304413,-0.0037467526271939278,0.0029333808925002813,-0.008539654314517975
1770932335.212274,0.18680894374847412,-0.48170721530914307,-0.42420443892478943,-0.003305869409814477,0.0028834957629442215,-0.008119647391140461
1770932335.2247887,0.1815759539604187,-0.49169519543647766,-0.42539066076278687,-0.0036221914924681187,0.0032144798897206783,-0.00819135457277298
1770932335.2367578,0.19345535337924957,-0.4893423616886139,-0.4155077040195465,-0.0033039781264960766,0.0030084436293691397,-0.008470678701996803
1770932335.248517,0.18662215769290924,-0.4911857843399048,-0.41122788190841675,-0.0034999281633645296,0.0030419081449508667,-0.008175679482519627
1770932335.2727754,0.1810324788093567,-0.48707351088523865,-0.42340707778930664,-0.0035308480728417635,0.003152180463075638,-0.00821410771459341
1770932335.278805,0.1863463819026947,-0.49646392464637756,-0.4113861918449402,-0.0036769432481378317,0.0028477744199335575,-0.008280398324131966
1770932335.2858324,0.19484929740428925,-0.48424577713012695,-0.43097493052482605,-0.003385268384590745,0.0028581588994711637,-0.008496713824570179
1770932335.2971146,0.17922542989253998,-0.487154483795166,-0.416359543800354,-0.003470010356977582,0.0030385383870452642,-0.00823825690895319
1770932335.3209376,0.18636637926101685,-0.48111602663993835,-0.40746062994003296,-0.0035270226653665304,0.0031824205070734024,-0.008216178975999355
1770932335.332592,0.19097429513931274,-0.4839847981929779,-0.42519015073776245,-0.0034650343004614115,0.002638251055032015,-0.008297816850244999
1770932335.3381324,0.18192249536514282,-0.4860352873802185,-0.4220030605792999,-0.0035481725353747606,0.0029493661131709814,-0.008204522542655468
1770932335.3501024,0.1827785074710846,-0.4815777540206909,-0.4093610942363739,-0.0035242189187556505,0.0029652880039066076,-0.008211703039705753
1770932335.3752148,0.180011585354805,-0.4916197657585144,-0.4217795431613922,-0.0036864588037133217,0.0029408996924757957,-0.008250254206359386
1770932335.3927763,0.1891360729932785,-0.48914411664009094,-0.42568686604499817,-0.0037527375388890505,0.002630010712891817,-0.008091304451227188
1770932335.4040527,0.18567019701004028,-0.4878576993942261,-0.4093100428581238,-0.0034587003756314516,0.002707553096115589,-0.00844328198581934
1770932335.421238,0.1939847767353058,-0.48818397521972656,-0.41632306575775146,-0.00355854001827538,0.002863223198801279,-0.00858156569302082
1770932335.4447567,0.19273561239242554,-0.4839489161968231,-0.4248432219028473,-0.003524219384416938,0.003098003566265106,-0.008615098893642426
1770932335.4696097,0.18394151329994202,-0.48835253715515137,-0.42508187890052795,-0.0034406762570142746,0.002601936459541321,-0.008117134682834148
1770932335.4879947,0.19245824217796326,-0.48742038011550903,-0.4185059070587158,-0.0035476665943861008,0.0030569976661354303,-0.008391710929572582
1770932335.499184,0.18798930943012238,-0.49016255140304565,-0.42113980650901794,-0.003637697547674179,0.0030125542543828487,-0.008310239762067795
1770932335.5107293,0.185394749045372,-0.4808650612831116,-0.42571455240249634,-0.003438700223341584,0.002628317568451166,-0.008188817650079727
1770932335.5227728,0.19023951888084412,-0.47935399413108826,-0.4113287627696991,-0.0033053020015358925,0.0027684171218425035,-0.008176784962415695
1770932335.5403602,0.19512620568275452,-0.483932226896286,-0.42559632658958435,-0.0036243319045752287,0.0027189156971871853,-0.008394048549234867
1770932335.5583818,0.1814115345478058,-0.48421648144721985,-0.41180717945098877,-0.0035096255596727133,0.0029539507813751698,-0.008332948200404644
1770932335.5634012,0.18307353556156158,-0.495522677898407,-0.42323780059814453,-0.003736439161002636,0.0029993560165166855,-0.008107805624604225
1770932335.569394,0.18446528911590576,-0.48436054587364197,-0.4185144007205963,-0.003422641893848777,0.002905177650973201,-0.008193899877369404
1770932335.593204,0.18567602336406708,-0.4847724735736847,-0.40951400995254517,-0.0036455411463975906,0.002956444164738059,-0.008409153670072556
1770932335.6286066,0.1809714138507843,-0.4891323745250702,-0.4216483235359192,-0.0035908804275095463,0.003106029937043786,-0.008275164291262627
1770932335.6470044,0.17513786256313324,-0.48512744903564453,-0.42435961961746216,-0.0034069304820150137,0.003131560981273651,-0.008132042363286018
1770932335.6578372,0.19067047536373138,-0.4848288893699646,-0.41174647212028503,-0.0035066946875303984,0.002666408894583583,-0.008325878530740738
1770932335.6876864,0.1929764449596405,-0.4867905378341675,-0.4232298731803894,-0.0035142123233526945,0.0031786588951945305,-0.008271435275673866
1770932335.7113826,0.18691641092300415,-0.4916553497314453,-0.41953134536743164,-0.003559359349310398,0.0027429021429270506,-0.008260405622422695
1770932335.7295256,0.19716058671474457,-0.4916398525238037,-0.41880956292152405,-0.003594572888687253,0.0031028708908706903,-0.008452005684375763
1770932335.7602968,0.18958927690982819,-0.4883441925048828,-0.41853973269462585,-0.0036715634632855654,0.0029344798531383276,-0.008411319926381111
1770932335.7842355,0.18481113016605377,-0.48584961891174316,-0.42412829399108887,-0.0033892567735165358,0.0028808019123971462,-0.008327394723892212
1770932335.7980342,0.1896483600139618,-0.4922734200954437,-0.40765947103500366,-0.0034922934137284756,0.0027868549805134535,-0.008223926648497581
1770932335.811098,0.18802949786186218,-0.4836132824420929,-0.4295412302017212,-0.003369776764884591,0.0029033366590738297,-0.008390892297029495
1770932335.8269303,0.18216557800769806,-0.4923381805419922,-0.42908722162246704,-0.0036510901991277933,0.002845432609319687,-0.008325236849486828
1770932335.8388329,0.18196922540664673,-0.4849438965320587,-0.41649726033210754,-0.003373632440343499,0.0030240153428167105,-0.00793530698865652
1770932335.8562047,0.1855345517396927,-0.4851548969745636,-0.40106862783432007,-0.00339130568318069,0.0029217153787612915,-0.008075795136392117
1770932335.8802369,0.18336592614650726,-0.48597729206085205,-0.4326886534690857,-0.003439230378717184,0.0027696979232132435,-0.008158511482179165
1770932335.8918157,0.1823420524597168,-0.4769324064254761,-0.4309399425983429,-0.0033274698071181774,0.002859608270227909,-0.008204560726881027
1770932335.8977716,0.18540722131729126,-0.4810444712638855,-0.4169778823852539,-0.003520519472658634,0.0029383322689682245,-0.008276508189737797
1770932335.9097698,0.18117114901542664,-0.47854986786842346,-0.4247663915157318,-0.0034943148493766785,0.0028252762276679277,-0.008303623646497726
1770932335.9209535,0.1913638710975647,-0.48347264528274536,-0.40944600105285645,-0.0035385077353566885,0.0029955224599689245,-0.00826742872595787
1770932335.9367576,0.18299512565135956,-0.4872056245803833,-0.4139019846916199,-0.003362495917826891,0.0030480108689516783,-0.008097673766314983
1770932335.9541154,0.18506647646427155,-0.4798274338245392,-0.4150271713733673,-0.0032752968836575747,0.0029100251849740744,-0.008241619914770126
1770932335.9601214,0.18322090804576874,-0.48426640033721924,-0.42147237062454224,-0.0034036103170365095,0.0027525939512997866,-0.00809977762401104
1770932335.9778025,0.19667267799377441,-0.48343148827552795,-0.4193166196346283,-0.003565784776583314,0.002946688560768962,-0.008502227254211903
1770932335.9944904,0.20220832526683807,-0.489996999502182,-0.41268253326416016,-0.0038130301982164383,0.0028747054748237133,-0.008414535783231258
1770932336.006458,0.2021140307188034,-0.4873473048210144,-0.4172138273715973,-0.003369466168805957,0.003085570875555277,-0.008324572816491127
1770932336.0245476,0.180996835231781,-0.4842548668384552,-0.39633849263191223,-0.0033719355706125498,0.00259150261990726,-0.008125333115458488
1770932336.0245476,0.17091526091098785,-0.49316805601119995,-0.41539624333381653,-0.003668328281491995,0.003089736681431532,-0.008254812099039555
1770932336.0385065,0.17091526091098785,-0.49316805601119995,-0.41539624333381653,-0.003668328281491995,0.003089736681431532,-0.008254812099039555
1770932336.0626554,0.19163745641708374,-0.4937959313392639,-0.4134756326675415,-0.0034142895601689816,0.0025685562286525965,-0.008278939872980118
1770932336.0745094,0.1850939393043518,-0.48688238859176636,-0.4151368737220764,-0.0035859127528965473,0.0030528493225574493,-0.00823981873691082
1770932336.0924227,0.18400855362415314,-0.4915626347064972,-0.4192505180835724,-0.0035664273891597986,0.0027689943090081215,-0.007997223176062107
1770932336.1162314,0.1873956173658371,-0.48232099413871765,-0.4180871248245239,-0.003431878285482526,0.0027787024155259132,-0.008261370472609997
1770932336.1221912,0.18557243049144745,-0.48743265867233276,-0.4132346212863922,-0.003478148253634572,0.00306008686311543,-0.008141553960740566
1770932336.1282413,0.18810224533081055,-0.48434650897979736,-0.4203454256057739,-0.0035859360359609127,0.003116198815405369,-0.008357292972505093
1770932336.1387992,0.18452750146389008,-0.48348334431648254,-0.41737550497055054,-0.0037819112185388803,0.002881759312003851,-0.00834993552416563
1770932336.1617887,0.20202991366386414,-0.4853416085243225,-0.4101036489009857,-0.0036888017784804106,0.002942647784948349,-0.008435363881289959
1770932336.1852157,0.18106450140476227,-0.4789598286151886,-0.4137340784072876,-0.0035290943924337626,0.0028733029030263424,-0.008235616609454155
1770932336.2149587,0.1759541779756546,-0.48261043429374695,-0.4252507984638214,-0.003309701569378376,0.0027998434379696846,-0.008349419571459293
1770932336.2318084,0.18651609122753143,-0.49051424860954285,-0.4134121537208557,-0.003294136840850115,0.0028755837120115757,-0.008173027075827122
1770932336.2617173,0.1799701601266861,-0.48943886160850525,-0.42512020468711853,-0.003523322055116296,0.0029598791152238846,-0.00834183394908905
1770932336.2800953,0.19493736326694489,-0.4882473051548004,-0.40652042627334595,-0.003593551693484187,0.003250072943046689,-0.008135761134326458
1770932336.28544,0.19273941218852997,-0.48844149708747864,-0.4261021018028259,-0.003489171853289008,0.0029894153121858835,-0.008590766228735447
1770932336.2975318,0.1843283772468567,-0.48864901065826416,-0.4210851788520813,-0.0035866103135049343,0.0027247632388025522,-0.008346199989318848
1770932336.30955,0.19125263392925262,-0.4907435178756714,-0.40188074111938477,-0.0035727592185139656,0.0028892168775200844,-0.008345309644937515
1770932336.3215618,0.18125058710575104,-0.48147711157798767,-0.4103792607784271,-0.0032854953315109015,0.0028078590985387564,-0.008237458765506744
1770932336.3385398,0.19323548674583435,-0.48099470138549805,-0.4139695465564728,-0.003490678733214736,0.0029919971711933613,-0.008497638627886772
1770932336.350198,0.1878095418214798,-0.48554083704948425,-0.418012410402298,-0.0036555842962116003,0.002979444107040763,-0.008349883370101452
1770932336.3617244,0.1838812232017517,-0.48614931106567383,-0.41835325956344604,-0.0035019824281334877,0.0028726146556437016,-0.008358602412045002
1770932336.385667,0.18472439050674438,-0.48212167620658875,-0.4216597080230713,-0.0037418967112898827,0.0028330909553915262,-0.008294494822621346
1770932336.4036295,0.18677274882793427,-0.4824661314487457,-0.42159295082092285,-0.0037947185337543488,0.002844100585207343,-0.008495448157191277
1770932336.4096303,0.19107255339622498,-0.48499661684036255,-0.40931016206741333,-0.0037248621229082346,0.0030935718677937984,-0.008423002436757088
1770932336.4151728,0.18788264691829681,-0.4828674793243408,-0.42588886618614197,-0.0034406764898449183,0.0026929820887744427,-0.008289900608360767
1770932336.4208286,0.18119694292545319,-0.4828524887561798,-0.41441407799720764,-0.003518993267789483,0.0031057996675372124,-0.008380153216421604
1770932336.4435894,0.1899568885564804,-0.48917558789253235,-0.4131544530391693,-0.003675232408568263,0.0029149497859179974,-0.00847570225596428
1770932336.449573,0.1878548115491867,-0.4808274805545807,-0.41753238439559937,-0.0035166973248124123,0.002886568196117878,-0.008548453450202942
1770932336.4550464,0.17730173468589783,-0.47913047671318054,-0.4254196882247925,-0.003350065555423498,0.0027529203798621893,-0.008218184113502502
1770932336.4730973,0.18085379898548126,-0.47816261649131775,-0.43045395612716675,-0.0034384443424642086,0.0027471992652863264,-0.008596369065344334
1770932336.4858909,0.1890352964401245,-0.4907943606376648,-0.43418005108833313,-0.0036612970288842916,0.0027210968546569347,-0.008141972124576569
1770932336.5105996,0.19092242419719696,-0.48569443821907043,-0.41616111993789673,-0.0035547628067433834,0.003039149334654212,-0.008292591199278831
1770932336.522432,0.18436937034130096,-0.482664555311203,-0.4268166720867157,-0.0035102160181850195,0.002777747344225645,-0.008404629305005074
1770932336.5336695,0.1927497684955597,-0.4856598973274231,-0.41798943281173706,-0.003398346481844783,0.0028151990845799446,-0.008397871628403664
1770932336.5638118,0.18327806890010834,-0.48504921793937683,-0.42413005232810974,-0.0034999677445739508,0.0028246818110346794,-0.008446003310382366
1770932336.5694413,0.19096970558166504,-0.4864625632762909,-0.40978384017944336,-0.003512502880766988,0.0028384237084537745,-0.008614659309387207
1770932336.5871253,0.19154863059520721,-0.4845021963119507,-0.4200049936771393,-0.0034456870052963495,0.003007261548191309,-0.008458275347948074
1770932336.60609,0.18639743328094482,-0.4794006943702698,-0.42150628566741943,-0.003386812750250101,0.0029995308723300695,-0.008833412081003189
1770932336.634923,0.18908564746379852,-0.47885218262672424,-0.4083263576030731,-0.0034306570887565613,0.003101859474554658,-0.008374887518584728
1770932336.6588979,0.18427085876464844,-0.4811682403087616,-0.42263761162757874,-0.0035044194664806128,0.0026663243770599365,-0.008267788216471672
1770932336.6702244,0.17882457375526428,-0.48293358087539673,-0.4118107855319977,-0.0035324175842106342,0.0028683156706392765,-0.008297769352793694
1770932336.6818242,0.19273589551448822,-0.4845465123653412,-0.4049938917160034,-0.0035491841845214367,0.002858027582988143,-0.008260263130068779
1770932336.694017,0.186171293258667,-0.4796466529369354,-0.4253478944301605,-0.0035866170655936003,0.00292581575922668,-0.008528082631528378
1770932336.7064416,0.19035285711288452,-0.4856894910335541,-0.41446903347969055,-0.003589905332773924,0.002777861664071679,-0.008399497717618942
1770932336.7174702,0.18301808834075928,-0.4825345575809479,-0.4176162779331207,-0.0035243763122707605,0.0029277238063514233,-0.008154124021530151
1770932336.7290878,0.18539312481880188,-0.47912079095840454,-0.4198145568370819,-0.003360683796927333,0.0028474878054112196,-0.008326631970703602
1770932336.7541175,0.18781042098999023,-0.48255982995033264,-0.4277280271053314,-0.0035820966586470604,0.002869131276383996,-0.00855132844299078
1770932336.771123,0.19443364441394806,-0.48677241802215576,-0.41814810037612915,-0.0035067445132881403,0.0029468261636793613,-0.008161170408129692
1770932336.7761312,0.19063030183315277,-0.47953593730926514,-0.41411325335502625,-0.003520229132845998,0.00289604882709682,-0.00832838099449873
1770932336.794373,0.18085280060768127,-0.48503148555755615,-0.4224754869937897,-0.003587534883990884,0.00275929132476449,-0.008305581286549568
1770932336.822999,0.17750312387943268,-0.48721203207969666,-0.4329027533531189,-0.003731553675606847,0.002718590432778001,-0.008408494293689728
1770932336.828995,0.1894952654838562,-0.4827950596809387,-0.4045526683330536,-0.0036371927708387375,0.0030113295651972294,-0.008426003158092499
